#pragma once
/*
    #version:1# (machine generated, don't edit!)

    Generated by sokol-shdc (https://github.com/floooh/sokol-tools)

    Cmdline:
        sokol-shdc -i collections/app/ui/grid/grid.glsl -o collections/app/ui/grid/grid.glsl.h --format sokol_impl --slang glsl410:glsl300es:hlsl4:metal_macos:metal_ios:wgsl

    Overview:
    =========
    Shader program: 'grid':
        Get shader desc: ui_grid_grid_shader_desc(sg_query_backend());
        Vertex Shader: vs
        Fragment Shader: fs
        Attributes:
            ATTR_ui_grid_grid_slot_flags => 0
            ATTR_ui_grid_grid_fg => 1
            ATTR_ui_grid_grid_bg => 2
    Bindings:
        Uniform block 'vs_params':
            C struct: ui_grid_vs_params_t
            Bind slot: UB_ui_grid_vs_params => 0
        Texture 'atlas_tex':
            Image type: SG_IMAGETYPE_2D
            Sample type: SG_IMAGESAMPLETYPE_FLOAT
            Multisampled: false
            Bind slot: VIEW_ui_grid_atlas_tex => 0
        Sampler 'atlas_smp':
            Type: SG_SAMPLERTYPE_FILTERING
            Bind slot: SMP_ui_grid_atlas_smp => 0
*/
#if !defined(SOKOL_GFX_INCLUDED)
#error "Please include sokol_gfx.h before grid.glsl.h"
#endif
#if !defined(SOKOL_SHDC_ALIGN)
#if defined(_MSC_VER)
#define SOKOL_SHDC_ALIGN(a) __declspec(align(a))
#else
#define SOKOL_SHDC_ALIGN(a) __attribute__((aligned(a)))
#endif
#endif
const sg_shader_desc* ui_grid_grid_shader_desc(sg_backend backend);
#define ATTR_ui_grid_grid_slot_flags (0)
#define ATTR_ui_grid_grid_fg (1)
#define ATTR_ui_grid_grid_bg (2)
#define UB_ui_grid_vs_params (0)
#define VIEW_ui_grid_atlas_tex (0)
#define SMP_ui_grid_atlas_smp (0)
#pragma pack(push,1)
SOKOL_SHDC_ALIGN(16) typedef struct ui_grid_vs_params_t {
    float frame[4];
    float cell[4];
    float atlas[4];
    float lines[4];
} ui_grid_vs_params_t;
#pragma pack(pop)
#if defined(SOKOL_SHDC_IMPL)
/*
    #version 410

    uniform vec4 vs_params[4];
    layout(location = 0) in uvec2 slot_flags;
    layout(location = 0) out vec2 uv;
    layout(location = 1) out vec2 local_px;
    layout(location = 2) out vec4 v_fg;
    layout(location = 1) in vec4 fg;
    layout(location = 3) out vec4 v_bg;
    layout(location = 2) in vec4 bg;
    layout(location = 4) out float v_flags;
    layout(location = 5) out vec3 v_lines;

    void main()
    {
        bool _25 = gl_VertexID == 4;
        vec2 _47 = vec2(float(((gl_VertexID == 1) || (gl_VertexID == 3)) || _25), float(((gl_VertexID == 2) || _25) || (gl_VertexID == 5)));
        int _58 = int(vs_params[1].z);
        vec2 _85 = vs_params[0].zw + ((vec2(float(gl_InstanceID % _58), float(gl_InstanceID / _58)) + _47) * vs_params[1].xy);
        gl_Position = vec4(((_85.x / vs_params[0].x) * 2.0) - 1.0, 1.0 - ((_85.y / vs_params[0].y) * 2.0), 0.0, 1.0);
        int _122 = int(slot_flags.x);
        int _127 = int(vs_params[1].w);
        uv = ((vec2(float(_122 % _127), float(_122 / _127)) + _47) * vs_params[1].xy) / vs_params[2].xy;
        local_px = _47 * vs_params[1].xy;
        v_fg = fg;
        v_bg = bg;
        v_flags = float(slot_flags.y);
        v_lines = vs_params[3].xyz;
    }

*/
static const uint8_t ui_grid_vs_source_glsl410[1141] = {
    0x23,0x76,0x65,0x72,0x73,0x69,0x6f,0x6e,0x20,0x34,0x31,0x30,0x0a,0x0a,0x75,0x6e,
    0x69,0x66,0x6f,0x72,0x6d,0x20,0x76,0x65,0x63,0x34,0x20,0x76,0x73,0x5f,0x70,0x61,
    0x72,0x61,0x6d,0x73,0x5b,0x34,0x5d,0x3b,0x0a,0x6c,0x61,0x79,0x6f,0x75,0x74,0x28,
    0x6c,0x6f,0x63,0x61,0x74,0x69,0x6f,0x6e,0x20,0x3d,0x20,0x30,0x29,0x20,0x69,0x6e,
    0x20,0x75,0x76,0x65,0x63,0x32,0x20,0x73,0x6c,0x6f,0x74,0x5f,0x66,0x6c,0x61,0x67,
    0x73,0x3b,0x0a,0x6c,0x61,0x79,0x6f,0x75,0x74,0x28,0x6c,0x6f,0x63,0x61,0x74,0x69,
    0x6f,0x6e,0x20,0x3d,0x20,0x30,0x29,0x20,0x6f,0x75,0x74,0x20,0x76,0x65,0x63,0x32,
    0x20,0x75,0x76,0x3b,0x0a,0x6c,0x61,0x79,0x6f,0x75,0x74,0x28,0x6c,0x6f,0x63,0x61,
    0x74,0x69,0x6f,0x6e,0x20,0x3d,0x20,0x31,0x29,0x20,0x6f,0x75,0x74,0x20,0x76,0x65,
    0x63,0x32,0x20,0x6c,0x6f,0x63,0x61,0x6c,0x5f,0x70,0x78,0x3b,0x0a,0x6c,0x61,0x79,
    0x6f,0x75,0x74,0x28,0x6c,0x6f,0x63,0x61,0x74,0x69,0x6f,0x6e,0x20,0x3d,0x20,0x32,
    0x29,0x20,0x6f,0x75,0x74,0x20,0x76,0x65,0x63,0x34,0x20,0x76,0x5f,0x66,0x67,0x3b,
    0x0a,0x6c,0x61,0x79,0x6f,0x75,0x74,0x28,0x6c,0x6f,0x63,0x61,0x74,0x69,0x6f,0x6e,
    0x20,0x3d,0x20,0x31,0x29,0x20,0x69,0x6e,0x20,0x76,0x65,0x63,0x34,0x20,0x66,0x67,
    0x3b,0x0a,0x6c,0x61,0x79,0x6f,0x75,0x74,0x28,0x6c,0x6f,0x63,0x61,0x74,0x69,0x6f,
    0x6e,0x20,0x3d,0x20,0x33,0x29,0x20,0x6f,0x75,0x74,0x20,0x76,0x65,0x63,0x34,0x20,
    0x76,0x5f,0x62,0x67,0x3b,0x0a,0x6c,0x61,0x79,0x6f,0x75,0x74,0x28,0x6c,0x6f,0x63,
    0x61,0x74,0x69,0x6f,0x6e,0x20,0x3d,0x20,0x32,0x29,0x20,0x69,0x6e,0x20,0x76,0x65,
    0x63,0x34,0x20,0x62,0x67,0x3b,0x0a,0x6c,0x61,0x79,0x6f,0x75,0x74,0x28,0x6c,0x6f,
    0x63,0x61,0x74,0x69,0x6f,0x6e,0x20,0x3d,0x20,0x34,0x29,0x20,0x6f,0x75,0x74,0x20,
    0x66,0x6c,0x6f,0x61,0x74,0x20,0x76,0x5f,0x66,0x6c,0x61,0x67,0x73,0x3b,0x0a,0x6c,
    0x61,0x79,0x6f,0x75,0x74,0x28,0x6c,0x6f,0x63,0x61,0x74,0x69,0x6f,0x6e,0x20,0x3d,
    0x20,0x35,0x29,0x20,0x6f,0x75,0x74,0x20,0x76,0x65,0x63,0x33,0x20,0x76,0x5f,0x6c,
    0x69,0x6e,0x65,0x73,0x3b,0x0a,0x0a,0x76,0x6f,0x69,0x64,0x20,0x6d,0x61,0x69,0x6e,
    0x28,0x29,0x0a,0x7b,0x0a,0x20,0x20,0x20,0x20,0x62,0x6f,0x6f,0x6c,0x20,0x5f,0x32,
    0x35,0x20,0x3d,0x20,0x67,0x6c,0x5f,0x56,0x65,0x72,0x74,0x65,0x78,0x49,0x44,0x20,
    0x3d,0x3d,0x20,0x34,0x3b,0x0a,0x20,0x20,0x20,0x20,0x76,0x65,0x63,0x32,0x20,0x5f,
    0x34,0x37,0x20,0x3d,0x20,0x76,0x65,0x63,0x32,0x28,0x66,0x6c,0x6f,0x61,0x74,0x28,
    0x28,0x28,0x67,0x6c,0x5f,0x56,0x65,0x72,0x74,0x65,0x78,0x49,0x44,0x20,0x3d,0x3d,
    0x20,0x31,0x29,0x20,0x7c,0x7c,0x20,0x28,0x67,0x6c,0x5f,0x56,0x65,0x72,0x74,0x65,
    0x78,0x49,0x44,0x20,0x3d,0x3d,0x20,0x33,0x29,0x29,0x20,0x7c,0x7c,0x20,0x5f,0x32,
    0x35,0x29,0x2c,0x20,0x66,0x6c,0x6f,0x61,0x74,0x28,0x28,0x28,0x67,0x6c,0x5f,0x56,
    0x65,0x72,0x74,0x65,0x78,0x49,0x44,0x20,0x3d,0x3d,0x20,0x32,0x29,0x20,0x7c,0x7c,
    0x20,0x5f,0x32,0x35,0x29,0x20,0x7c,0x7c,0x20,0x28,0x67,0x6c,0x5f,0x56,0x65,0x72,
    0x74,0x65,0x78,0x49,0x44,0x20,0x3d,0x3d,0x20,0x35,0x29,0x29,0x29,0x3b,0x0a,0x20,
    0x20,0x20,0x20,0x69,0x6e,0x74,0x20,0x5f,0x35,0x38,0x20,0x3d,0x20,0x69,0x6e,0x74,
    0x28,0x76,0x73,0x5f,0x70,0x61,0x72,0x61,0x6d,0x73,0x5b,0x31,0x5d,0x2e,0x7a,0x29,
    0x3b,0x0a,0x20,0x20,0x20,0x20,0x76,0x65,0x63,0x32,0x20,0x5f,0x38,0x35,0x20,0x3d,
    0x20,0x76,0x73,0x5f,0x70,0x61,0x72,0x61,0x6d,0x73,0x5b,0x30,0x5d,0x2e,0x7a,0x77,
    0x20,0x2b,0x20,0x28,0x28,0x76,0x65,0x63,0x32,0x28,0x66,0x6c,0x6f,0x61,0x74,0x28,
    0x67,0x6c,0x5f,0x49,0x6e,0x73,0x74,0x61,0x6e,0x63,0x65,0x49,0x44,0x20,0x25,0x20,
    0x5f,0x35,0x38,0x29,0x2c,0x20,0x66,0x6c,0x6f,0x61,0x74,0x28,0x67,0x6c,0x5f,0x49,
    0x6e,0x73,0x74,0x61,0x6e,0x63,0x65,0x49,0x44,0x20,0x2f,0x20,0x5f,0x35,0x38,0x29,
    0x29,0x20,0x2b,0x20,0x5f,0x34,0x37,0x29,0x20,0x2a,0x20,0x76,0x73,0x5f,0x70,0x61,
    0x72,0x61,0x6d,0x73,0x5b,0x31,0x5d,0x2e,0x78,0x79,0x29,0x3b,0x0a,0x20,0x20,0x20,
    0x20,0x67,0x6c,0x5f,0x50,0x6f,0x73,0x69,0x74,0x69,0x6f,0x6e,0x20,0x3d,0x20,0x76,
    0x65,0x63,0x34,0x28,0x28,0x28,0x5f,0x38,0x35,0x2e,0x78,0x20,0x2f,0x20,0x76,0x73,
    0x5f,0x70,0x61,0x72,0x61,0x6d,0x73,0x5b,0x30,0x5d,0x2e,0x78,0x29,0x20,0x2a,0x20,
    0x32,0x2e,0x30,0x29,0x20,0x2d,0x20,0x31,0x2e,0x30,0x2c,0x20,0x31,0x2e,0x30,0x20,
    0x2d,0x20,0x28,0x28,0x5f,0x38,0x35,0x2e,0x79,0x20,0x2f,0x20,0x76,0x73,0x5f,0x70,
    0x61,0x72,0x61,0x6d,0x73,0x5b,0x30,0x5d,0x2e,0x79,0x29,0x20,0x2a,0x20,0x32,0x2e,
    0x30,0x29,0x2c,0x20,0x30,0x2e,0x30,0x2c,0x20,0x31,0x2e,0x30,0x29,0x3b,0x0a,0x20,
    0x20,0x20,0x20,0x69,0x6e,0x74,0x20,0x5f,0x31,0x32,0x32,0x20,0x3d,0x20,0x69,0x6e,
    0x74,0x28,0x73,0x6c,0x6f,0x74,0x5f,0x66,0x6c,0x61,0x67,0x73,0x2e,0x78,0x29,0x3b,
    0x0a,0x20,0x20,0x20,0x20,0x69,0x6e,0x74,0x20,0x5f,0x31,0x32,0x37,0x20,0x3d,0x20,
    0x69,0x6e,0x74,0x28,0x76,0x73,0x5f,0x70,0x61,0x72,0x61,0x6d,0x73,0x5b,0x31,0x5d,
    0x2e,0x77,0x29,0x3b,0x0a,0x20,0x20,0x20,0x20,0x75,0x76,0x20,0x3d,0x20,0x28,0x28,
    0x76,0x65,0x63,0x32,0x28,0x66,0x6c,0x6f,0x61,0x74,0x28,0x5f,0x31,0x32,0x32,0x20,
    0x25,0x20,0x5f,0x31,0x32,0x37,0x29,0x2c,0x20,0x66,0x6c,0x6f,0x61,0x74,0x28,0x5f,
    0x31,0x32,0x32,0x20,0x2f,0x20,0x5f,0x31,0x32,0x37,0x29,0x29,0x20,0x2b,0x20,0x5f,
    0x34,0x37,0x29,0x20,0x2a,0x20,0x76,0x73,0x5f,0x70,0x61,0x72,0x61,0x6d,0x73,0x5b,
    0x31,0x5d,0x2e,0x78,0x79,0x29,0x20,0x2f,0x20,0x76,0x73,0x5f,0x70,0x61,0x72,0x61,
    0x6d,0x73,0x5b,0x32,0x5d,0x2e,0x78,0x79,0x3b,0x0a,0x20,0x20,0x20,0x20,0x6c,0x6f,
    0x63,0x61,0x6c,0x5f,0x70,0x78,0x20,0x3d,0x20,0x5f,0x34,0x37,0x20,0x2a,0x20,0x76,
    0x73,0x5f,0x70,0x61,0x72,0x61,0x6d,0x73,0x5b,0x31,0x5d,0x2e,0x78,0x79,0x3b,0x0a,
    0x20,0x20,0x20,0x20,0x76,0x5f,0x66,0x67,0x20,0x3d,0x20,0x66,0x67,0x3b,0x0a,0x20,
    0x20,0x20,0x20,0x76,0x5f,0x62,0x67,0x20,0x3d,0x20,0x62,0x67,0x3b,0x0a,0x20,0x20,
    0x20,0x20,0x76,0x5f,0x66,0x6c,0x61,0x67,0x73,0x20,0x3d,0x20,0x66,0x6c,0x6f,0x61,
    0x74,0x28,0x73,0x6c,0x6f,0x74,0x5f,0x66,0x6c,0x61,0x67,0x73,0x2e,0x79,0x29,0x3b,
    0x0a,0x20,0x20,0x20,0x20,0x76,0x5f,0x6c,0x69,0x6e,0x65,0x73,0x20,0x3d,0x20,0x76,
    0x73,0x5f,0x70,0x61,0x72,0x61,0x6d,0x73,0x5b,0x33,0x5d,0x2e,0x78,0x79,0x7a,0x3b,
    0x0a,0x7d,0x0a,0x0a,0x00,
};
/*
    #version 410

    uniform sampler2D atlas_tex_atlas_smp;

    layout(location = 4) in float v_flags;
    layout(location = 0) out vec4 frag_color;
    layout(location = 0) in vec2 uv;
    layout(location = 1) in vec2 local_px;
    layout(location = 5) in vec3 v_lines;
    layout(location = 3) in vec4 v_bg;
    layout(location = 2) in vec4 v_fg;

    bool flag(float b)
    {
        return mod(floor(v_flags / b), 2.0) >= 1.0;
    }

    void main()
    {
        float param = 16.0;
        if (flag(param))
        {
            frag_color = vec4(0.0);
            return;
        }
        float cov = texture(atlas_tex_atlas_smp, uv).x;
        float _60 = floor(local_px.y);
        float param_1 = 1.0;
        bool _62 = flag(param_1);
        bool _72;
        if (_62)
        {
            _72 = _60 >= v_lines.x;
        }
        else
        {
            _72 = _62;
        }
        bool _83;
        if (_72)
        {
            _83 = _60 < (v_lines.x + v_lines.z);
        }
        else
        {
            _83 = _72;
        }
        if (_83)
        {
            cov = 1.0;
        }
        float param_2 = 2.0;
        bool _87 = flag(param_2);
        bool _94;
        if (_87)
        {
            _94 = _60 >= v_lines.y;
        }
        else
        {
            _94 = _87;
        }
        bool _104;
        if (_94)
        {
            _104 = _60 < (v_lines.y + v_lines.z);
        }
        else
        {
            _104 = _94;
        }
        if (_104)
        {
            cov = 1.0;
        }
        frag_color = mix(vec4(v_bg.xyz * v_bg.w, v_bg.w), vec4(v_fg.xyz * v_fg.w, v_fg.w), vec4(cov));
    }

*/
static const uint8_t ui_grid_fs_source_glsl410[1369] = {
    0x23,0x76,0x65,0x72,0x73,0x69,0x6f,0x6e,0x20,0x34,0x31,0x30,0x0a,0x0a,0x75,0x6e,
    0x69,0x66,0x6f,0x72,0x6d,0x20,0x73,0x61,0x6d,0x70,0x6c,0x65,0x72,0x32,0x44,0x20,
    0x61,0x74,0x6c,0x61,0x73,0x5f,0x74,0x65,0x78,0x5f,0x61,0x74,0x6c,0x61,0x73,0x5f,
    0x73,0x6d,0x70,0x3b,0x0a,0x0a,0x6c,0x61,0x79,0x6f,0x75,0x74,0x28,0x6c,0x6f,0x63,
    0x61,0x74,0x69,0x6f,0x6e,0x20,0x3d,0x20,0x34,0x29,0x20,0x69,0x6e,0x20,0x66,0x6c,
    0x6f,0x61,0x74,0x20,0x76,0x5f,0x66,0x6c,0x61,0x67,0x73,0x3b,0x0a,0x6c,0x61,0x79,
    0x6f,0x75,0x74,0x28,0x6c,0x6f,0x63,0x61,0x74,0x69,0x6f,0x6e,0x20,0x3d,0x20,0x30,
    0x29,0x20,0x6f,0x75,0x74,0x20,0x76,0x65,0x63,0x34,0x20,0x66,0x72,0x61,0x67,0x5f,
    0x63,0x6f,0x6c,0x6f,0x72,0x3b,0x0a,0x6c,0x61,0x79,0x6f,0x75,0x74,0x28,0x6c,0x6f,
    0x63,0x61,0x74,0x69,0x6f,0x6e,0x20,0x3d,0x20,0x30,0x29,0x20,0x69,0x6e,0x20,0x76,
    0x65,0x63,0x32,0x20,0x75,0x76,0x3b,0x0a,0x6c,0x61,0x79,0x6f,0x75,0x74,0x28,0x6c,
    0x6f,0x63,0x61,0x74,0x69,0x6f,0x6e,0x20,0x3d,0x20,0x31,0x29,0x20,0x69,0x6e,0x20,
    0x76,0x65,0x63,0x32,0x20,0x6c,0x6f,0x63,0x61,0x6c,0x5f,0x70,0x78,0x3b,0x0a,0x6c,
    0x61,0x79,0x6f,0x75,0x74,0x28,0x6c,0x6f,0x63,0x61,0x74,0x69,0x6f,0x6e,0x20,0x3d,
    0x20,0x35,0x29,0x20,0x69,0x6e,0x20,0x76,0x65,0x63,0x33,0x20,0x76,0x5f,0x6c,0x69,
    0x6e,0x65,0x73,0x3b,0x0a,0x6c,0x61,0x79,0x6f,0x75,0x74,0x28,0x6c,0x6f,0x63,0x61,
    0x74,0x69,0x6f,0x6e,0x20,0x3d,0x20,0x33,0x29,0x20,0x69,0x6e,0x20,0x76,0x65,0x63,
    0x34,0x20,0x76,0x5f,0x62,0x67,0x3b,0x0a,0x6c,0x61,0x79,0x6f,0x75,0x74,0x28,0x6c,
    0x6f,0x63,0x61,0x74,0x69,0x6f,0x6e,0x20,0x3d,0x20,0x32,0x29,0x20,0x69,0x6e,0x20,
    0x76,0x65,0x63,0x34,0x20,0x76,0x5f,0x66,0x67,0x3b,0x0a,0x0a,0x62,0x6f,0x6f,0x6c,
    0x20,0x66,0x6c,0x61,0x67,0x28,0x66,0x6c,0x6f,0x61,0x74,0x20,0x62,0x29,0x0a,0x7b,
    0x0a,0x20,0x20,0x20,0x20,0x72,0x65,0x74,0x75,0x72,0x6e,0x20,0x6d,0x6f,0x64,0x28,
    0x66,0x6c,0x6f,0x6f,0x72,0x28,0x76,0x5f,0x66,0x6c,0x61,0x67,0x73,0x20,0x2f,0x20,
    0x62,0x29,0x2c,0x20,0x32,0x2e,0x30,0x29,0x20,0x3e,0x3d,0x20,0x31,0x2e,0x30,0x3b,
    0x0a,0x7d,0x0a,0x0a,0x76,0x6f,0x69,0x64,0x20,0x6d,0x61,0x69,0x6e,0x28,0x29,0x0a,
    0x7b,0x0a,0x20,0x20,0x20,0x20,0x66,0x6c,0x6f,0x61,0x74,0x20,0x70,0x61,0x72,0x61,
    0x6d,0x20,0x3d,0x20,0x31,0x36,0x2e,0x30,0x3b,0x0a,0x20,0x20,0x20,0x20,0x69,0x66,
    0x20,0x28,0x66,0x6c,0x61,0x67,0x28,0x70,0x61,0x72,0x61,0x6d,0x29,0x29,0x0a,0x20,
    0x20,0x20,0x20,0x7b,0x0a,0x20,0x20,0x20,0x20,0x20,0x20,0x20,0x20,0x66,0x72,0x61,
    0x67,0x5f,0x63,0x6f,0x6c,0x6f,0x72,0x20,0x3d,0x20,0x76,0x65,0x63,0x34,0x28,0x30,
    0x2e,0x30,0x29,0x3b,0x0a,0x20,0x20,0x20,0x20,0x20,0x20,0x20,0x20,0x72,0x65,0x74,
    0x75,0x72,0x6e,0x3b,0x0a,0x20,0x20,0x20,0x20,0x7d,0x0a,0x20,0x20,0x20,0x20,0x66,
    0x6c,0x6f,0x61,0x74,0x20,0x63,0x6f,0x76,0x20,0x3d,0x20,0x74,0x65,0x78,0x74,0x75,
    0x72,0x65,0x28,0x61,0x74,0x6c,0x61,0x73,0x5f,0x74,0x65,0x78,0x5f,0x61,0x74,0x6c,
    0x61,0x73,0x5f,0x73,0x6d,0x70,0x2c,0x20,0x75,0x76,0x29,0x2e,0x78,0x3b,0x0a,0x20,
    0x20,0x20,0x20,0x66,0x6c,0x6f,0x61,0x74,0x20,0x5f,0x36,0x30,0x20,0x3d,0x20,0x66,
    0x6c,0x6f,0x6f,0x72,0x28,0x6c,0x6f,0x63,0x61,0x6c,0x5f,0x70,0x78,0x2e,0x79,0x29,
    0x3b,0x0a,0x20,0x20,0x20,0x20,0x66,0x6c,0x6f,0x61,0x74,0x20,0x70,0x61,0x72,0x61,
    0x6d,0x5f,0x31,0x20,0x3d,0x20,0x31,0x2e,0x30,0x3b,0x0a,0x20,0x20,0x20,0x20,0x62,
    0x6f,0x6f,0x6c,0x20,0x5f,0x36,0x32,0x20,0x3d,0x20,0x66,0x6c,0x61,0x67,0x28,0x70,
    0x61,0x72,0x61,0x6d,0x5f,0x31,0x29,0x3b,0x0a,0x20,0x20,0x20,0x20,0x62,0x6f,0x6f,
    0x6c,0x20,0x5f,0x37,0x32,0x3b,0x0a,0x20,0x20,0x20,0x20,0x69,0x66,0x20,0x28,0x5f,
    0x36,0x32,0x29,0x0a,0x20,0x20,0x20,0x20,0x7b,0x0a,0x20,0x20,0x20,0x20,0x20,0x20,
    0x20,0x20,0x5f,0x37,0x32,0x20,0x3d,0x20,0x5f,0x36,0x30,0x20,0x3e,0x3d,0x20,0x76,
    0x5f,0x6c,0x69,0x6e,0x65,0x73,0x2e,0x78,0x3b,0x0a,0x20,0x20,0x20,0x20,0x7d,0x0a,
    0x20,0x20,0x20,0x20,0x65,0x6c,0x73,0x65,0x0a,0x20,0x20,0x20,0x20,0x7b,0x0a,0x20,
    0x20,0x20,0x20,0x20,0x20,0x20,0x20,0x5f,0x37,0x32,0x20,0x3d,0x20,0x5f,0x36,0x32,
    0x3b,0x0a,0x20,0x20,0x20,0x20,0x7d,0x0a,0x20,0x20,0x20,0x20,0x62,0x6f,0x6f,0x6c,
    0x20,0x5f,0x38,0x33,0x3b,0x0a,0x20,0x20,0x20,0x20,0x69,0x66,0x20,0x28,0x5f,0x37,
    0x32,0x29,0x0a,0x20,0x20,0x20,0x20,0x7b,0x0a,0x20,0x20,0x20,0x20,0x20,0x20,0x20,
    0x20,0x5f,0x38,0x33,0x20,0x3d,0x20,0x5f,0x36,0x30,0x20,0x3c,0x20,0x28,0x76,0x5f,
    0x6c,0x69,0x6e,0x65,0x73,0x2e,0x78,0x20,0x2b,0x20,0x76,0x5f,0x6c,0x69,0x6e,0x65,
    0x73,0x2e,0x7a,0x29,0x3b,0x0a,0x20,0x20,0x20,0x20,0x7d,0x0a,0x20,0x20,0x20,0x20,
    0x65,0x6c,0x73,0x65,0x0a,0x20,0x20,0x20,0x20,0x7b,0x0a,0x20,0x20,0x20,0x20,0x20,
    0x20,0x20,0x20,0x5f,0x38,0x33,0x20,0x3d,0x20,0x5f,0x37,0x32,0x3b,0x0a,0x20,0x20,
    0x20,0x20,0x7d,0x0a,0x20,0x20,0x20,0x20,0x69,0x66,0x20,0x28,0x5f,0x38,0x33,0x29,
    0x0a,0x20,0x20,0x20,0x20,0x7b,0x0a,0x20,0x20,0x20,0x20,0x20,0x20,0x20,0x20,0x63,
    0x6f,0x76,0x20,0x3d,0x20,0x31,0x2e,0x30,0x3b,0x0a,0x20,0x20,0x20,0x20,0x7d,0x0a,
    0x20,0x20,0x20,0x20,0x66,0x6c,0x6f,0x61,0x74,0x20,0x70,0x61,0x72,0x61,0x6d,0x5f,
    0x32,0x20,0x3d,0x20,0x32,0x2e,0x30,0x3b,0x0a,0x20,0x20,0x20,0x20,0x62,0x6f,0x6f,
    0x6c,0x20,0x5f,0x38,0x37,0x20,0x3d,0x20,0x66,0x6c,0x61,0x67,0x28,0x70,0x61,0x72,
    0x61,0x6d,0x5f,0x32,0x29,0x3b,0x0a,0x20,0x20,0x20,0x20,0x62,0x6f,0x6f,0x6c,0x20,
    0x5f,0x39,0x34,0x3b,0x0a,0x20,0x20,0x20,0x20,0x69,0x66,0x20,0x28,0x5f,0x38,0x37,
    0x29,0x0a,0x20,0x20,0x20,0x20,0x7b,0x0a,0x20,0x20,0x20,0x20,0x20,0x20,0x20,0x20,
    0x5f,0x39,0x34,0x20,0x3d,0x20,0x5f,0x36,0x30,0x20,0x3e,0x3d,0x20,0x76,0x5f,0x6c,
    0x69,0x6e,0x65,0x73,0x2e,0x79,0x3b,0x0a,0x20,0x20,0x20,0x20,0x7d,0x0a,0x20,0x20,
    0x20,0x20,0x65,0x6c,0x73,0x65,0x0a,0x20,0x20,0x20,0x20,0x7b,0x0a,0x20,0x20,0x20,
    0x20,0x20,0x20,0x20,0x20,0x5f,0x39,0x34,0x20,0x3d,0x20,0x5f,0x38,0x37,0x3b,0x0a,
    0x20,0x20,0x20,0x20,0x7d,0x0a,0x20,0x20,0x20,0x20,0x62,0x6f,0x6f,0x6c,0x20,0x5f,
    0x31,0x30,0x34,0x3b,0x0a,0x20,0x20,0x20,0x20,0x69,0x66,0x20,0x28,0x5f,0x39,0x34,
    0x29,0x0a,0x20,0x20,0x20,0x20,0x7b,0x0a,0x20,0x20,0x20,0x20,0x20,0x20,0x20,0x20,
    0x5f,0x31,0x30,0x34,0x20,0x3d,0x20,0x5f,0x36,0x30,0x20,0x3c,0x20,0x28,0x76,0x5f,
    0x6c,0x69,0x6e,0x65,0x73,0x2e,0x79,0x20,0x2b,0x20,0x76,0x5f,0x6c,0x69,0x6e,0x65,
    0x73,0x2e,0x7a,0x29,0x3b,0x0a,0x20,0x20,0x20,0x20,0x7d,0x0a,0x20,0x20,0x20,0x20,
    0x65,0x6c,0x73,0x65,0x0a,0x20,0x20,0x20,0x20,0x7b,0x0a,0x20,0x20,0x20,0x20,0x20,
    0x20,0x20,0x20,0x5f,0x31,0x30,0x34,0x20,0x3d,0x20,0x5f,0x39,0x34,0x3b,0x0a,0x20,
    0x20,0x20,0x20,0x7d,0x0a,0x20,0x20,0x20,0x20,0x69,0x66,0x20,0x28,0x5f,0x31,0x30,
    0x34,0x29,0x0a,0x20,0x20,0x20,0x20,0x7b,0x0a,0x20,0x20,0x20,0x20,0x20,0x20,0x20,
    0x20,0x63,0x6f,0x76,0x20,0x3d,0x20,0x31,0x2e,0x30,0x3b,0x0a,0x20,0x20,0x20,0x20,
    0x7d,0x0a,0x20,0x20,0x20,0x20,0x66,0x72,0x61,0x67,0x5f,0x63,0x6f,0x6c,0x6f,0x72,
    0x20,0x3d,0x20,0x6d,0x69,0x78,0x28,0x76,0x65,0x63,0x34,0x28,0x76,0x5f,0x62,0x67,
    0x2e,0x78,0x79,0x7a,0x20,0x2a,0x20,0x76,0x5f,0x62,0x67,0x2e,0x77,0x2c,0x20,0x76,
    0x5f,0x62,0x67,0x2e,0x77,0x29,0x2c,0x20,0x76,0x65,0x63,0x34,0x28,0x76,0x5f,0x66,
    0x67,0x2e,0x78,0x79,0x7a,0x20,0x2a,0x20,0x76,0x5f,0x66,0x67,0x2e,0x77,0x2c,0x20,
    0x76,0x5f,0x66,0x67,0x2e,0x77,0x29,0x2c,0x20,0x76,0x65,0x63,0x34,0x28,0x63,0x6f,
    0x76,0x29,0x29,0x3b,0x0a,0x7d,0x0a,0x0a,0x00,
};
/*
    #version 300 es

    uniform vec4 vs_params[4];
    layout(location = 0) in uvec2 slot_flags;
    out vec2 uv;
    out vec2 local_px;
    out vec4 v_fg;
    layout(location = 1) in vec4 fg;
    out vec4 v_bg;
    layout(location = 2) in vec4 bg;
    out float v_flags;
    out vec3 v_lines;

    void main()
    {
        bool _25 = gl_VertexID == 4;
        vec2 _47 = vec2(float(((gl_VertexID == 1) || (gl_VertexID == 3)) || _25), float(((gl_VertexID == 2) || _25) || (gl_VertexID == 5)));
        int _58 = int(vs_params[1].z);
        vec2 _85 = vs_params[0].zw + ((vec2(float(gl_InstanceID % _58), float(gl_InstanceID / _58)) + _47) * vs_params[1].xy);
        gl_Position = vec4(((_85.x / vs_params[0].x) * 2.0) - 1.0, 1.0 - ((_85.y / vs_params[0].y) * 2.0), 0.0, 1.0);
        int _122 = int(slot_flags.x);
        int _127 = int(vs_params[1].w);
        uv = ((vec2(float(_122 % _127), float(_122 / _127)) + _47) * vs_params[1].xy) / vs_params[2].xy;
        local_px = _47 * vs_params[1].xy;
        v_fg = fg;
        v_bg = bg;
        v_flags = float(slot_flags.y);
        v_lines = vs_params[3].xyz;
    }

*/
static const uint8_t ui_grid_vs_source_glsl300es[1018] = {
    0x23,0x76,0x65,0x72,0x73,0x69,0x6f,0x6e,0x20,0x33,0x30,0x30,0x20,0x65,0x73,0x0a,
    0x0a,0x75,0x6e,0x69,0x66,0x6f,0x72,0x6d,0x20,0x76,0x65,0x63,0x34,0x20,0x76,0x73,
    0x5f,0x70,0x61,0x72,0x61,0x6d,0x73,0x5b,0x34,0x5d,0x3b,0x0a,0x6c,0x61,0x79,0x6f,
    0x75,0x74,0x28,0x6c,0x6f,0x63,0x61,0x74,0x69,0x6f,0x6e,0x20,0x3d,0x20,0x30,0x29,
    0x20,0x69,0x6e,0x20,0x75,0x76,0x65,0x63,0x32,0x20,0x73,0x6c,0x6f,0x74,0x5f,0x66,
    0x6c,0x61,0x67,0x73,0x3b,0x0a,0x6f,0x75,0x74,0x20,0x76,0x65,0x63,0x32,0x20,0x75,
    0x76,0x3b,0x0a,0x6f,0x75,0x74,0x20,0x76,0x65,0x63,0x32,0x20,0x6c,0x6f,0x63,0x61,
    0x6c,0x5f,0x70,0x78,0x3b,0x0a,0x6f,0x75,0x74,0x20,0x76,0x65,0x63,0x34,0x20,0x76,
    0x5f,0x66,0x67,0x3b,0x0a,0x6c,0x61,0x79,0x6f,0x75,0x74,0x28,0x6c,0x6f,0x63,0x61,
    0x74,0x69,0x6f,0x6e,0x20,0x3d,0x20,0x31,0x29,0x20,0x69,0x6e,0x20,0x76,0x65,0x63,
    0x34,0x20,0x66,0x67,0x3b,0x0a,0x6f,0x75,0x74,0x20,0x76,0x65,0x63,0x34,0x20,0x76,
    0x5f,0x62,0x67,0x3b,0x0a,0x6c,0x61,0x79,0x6f,0x75,0x74,0x28,0x6c,0x6f,0x63,0x61,
    0x74,0x69,0x6f,0x6e,0x20,0x3d,0x20,0x32,0x29,0x20,0x69,0x6e,0x20,0x76,0x65,0x63,
    0x34,0x20,0x62,0x67,0x3b,0x0a,0x6f,0x75,0x74,0x20,0x66,0x6c,0x6f,0x61,0x74,0x20,
    0x76,0x5f,0x66,0x6c,0x61,0x67,0x73,0x3b,0x0a,0x6f,0x75,0x74,0x20,0x76,0x65,0x63,
    0x33,0x20,0x76,0x5f,0x6c,0x69,0x6e,0x65,0x73,0x3b,0x0a,0x0a,0x76,0x6f,0x69,0x64,
    0x20,0x6d,0x61,0x69,0x6e,0x28,0x29,0x0a,0x7b,0x0a,0x20,0x20,0x20,0x20,0x62,0x6f,
    0x6f,0x6c,0x20,0x5f,0x32,0x35,0x20,0x3d,0x20,0x67,0x6c,0x5f,0x56,0x65,0x72,0x74,
    0x65,0x78,0x49,0x44,0x20,0x3d,0x3d,0x20,0x34,0x3b,0x0a,0x20,0x20,0x20,0x20,0x76,
    0x65,0x63,0x32,0x20,0x5f,0x34,0x37,0x20,0x3d,0x20,0x76,0x65,0x63,0x32,0x28,0x66,
    0x6c,0x6f,0x61,0x74,0x28,0x28,0x28,0x67,0x6c,0x5f,0x56,0x65,0x72,0x74,0x65,0x78,
    0x49,0x44,0x20,0x3d,0x3d,0x20,0x31,0x29,0x20,0x7c,0x7c,0x20,0x28,0x67,0x6c,0x5f,
    0x56,0x65,0x72,0x74,0x65,0x78,0x49,0x44,0x20,0x3d,0x3d,0x20,0x33,0x29,0x29,0x20,
    0x7c,0x7c,0x20,0x5f,0x32,0x35,0x29,0x2c,0x20,0x66,0x6c,0x6f,0x61,0x74,0x28,0x28,
    0x28,0x67,0x6c,0x5f,0x56,0x65,0x72,0x74,0x65,0x78,0x49,0x44,0x20,0x3d,0x3d,0x20,
    0x32,0x29,0x20,0x7c,0x7c,0x20,0x5f,0x32,0x35,0x29,0x20,0x7c,0x7c,0x20,0x28,0x67,
    0x6c,0x5f,0x56,0x65,0x72,0x74,0x65,0x78,0x49,0x44,0x20,0x3d,0x3d,0x20,0x35,0x29,
    0x29,0x29,0x3b,0x0a,0x20,0x20,0x20,0x20,0x69,0x6e,0x74,0x20,0x5f,0x35,0x38,0x20,
    0x3d,0x20,0x69,0x6e,0x74,0x28,0x76,0x73,0x5f,0x70,0x61,0x72,0x61,0x6d,0x73,0x5b,
    0x31,0x5d,0x2e,0x7a,0x29,0x3b,0x0a,0x20,0x20,0x20,0x20,0x76,0x65,0x63,0x32,0x20,
    0x5f,0x38,0x35,0x20,0x3d,0x20,0x76,0x73,0x5f,0x70,0x61,0x72,0x61,0x6d,0x73,0x5b,
    0x30,0x5d,0x2e,0x7a,0x77,0x20,0x2b,0x20,0x28,0x28,0x76,0x65,0x63,0x32,0x28,0x66,
    0x6c,0x6f,0x61,0x74,0x28,0x67,0x6c,0x5f,0x49,0x6e,0x73,0x74,0x61,0x6e,0x63,0x65,
    0x49,0x44,0x20,0x25,0x20,0x5f,0x35,0x38,0x29,0x2c,0x20,0x66,0x6c,0x6f,0x61,0x74,
    0x28,0x67,0x6c,0x5f,0x49,0x6e,0x73,0x74,0x61,0x6e,0x63,0x65,0x49,0x44,0x20,0x2f,
    0x20,0x5f,0x35,0x38,0x29,0x29,0x20,0x2b,0x20,0x5f,0x34,0x37,0x29,0x20,0x2a,0x20,
    0x76,0x73,0x5f,0x70,0x61,0x72,0x61,0x6d,0x73,0x5b,0x31,0x5d,0x2e,0x78,0x79,0x29,
    0x3b,0x0a,0x20,0x20,0x20,0x20,0x67,0x6c,0x5f,0x50,0x6f,0x73,0x69,0x74,0x69,0x6f,
    0x6e,0x20,0x3d,0x20,0x76,0x65,0x63,0x34,0x28,0x28,0x28,0x5f,0x38,0x35,0x2e,0x78,
    0x20,0x2f,0x20,0x76,0x73,0x5f,0x70,0x61,0x72,0x61,0x6d,0x73,0x5b,0x30,0x5d,0x2e,
    0x78,0x29,0x20,0x2a,0x20,0x32,0x2e,0x30,0x29,0x20,0x2d,0x20,0x31,0x2e,0x30,0x2c,
    0x20,0x31,0x2e,0x30,0x20,0x2d,0x20,0x28,0x28,0x5f,0x38,0x35,0x2e,0x79,0x20,0x2f,
    0x20,0x76,0x73,0x5f,0x70,0x61,0x72,0x61,0x6d,0x73,0x5b,0x30,0x5d,0x2e,0x79,0x29,
    0x20,0x2a,0x20,0x32,0x2e,0x30,0x29,0x2c,0x20,0x30,0x2e,0x30,0x2c,0x20,0x31,0x2e,
    0x30,0x29,0x3b,0x0a,0x20,0x20,0x20,0x20,0x69,0x6e,0x74,0x20,0x5f,0x31,0x32,0x32,
    0x20,0x3d,0x20,0x69,0x6e,0x74,0x28,0x73,0x6c,0x6f,0x74,0x5f,0x66,0x6c,0x61,0x67,
    0x73,0x2e,0x78,0x29,0x3b,0x0a,0x20,0x20,0x20,0x20,0x69,0x6e,0x74,0x20,0x5f,0x31,
    0x32,0x37,0x20,0x3d,0x20,0x69,0x6e,0x74,0x28,0x76,0x73,0x5f,0x70,0x61,0x72,0x61,
    0x6d,0x73,0x5b,0x31,0x5d,0x2e,0x77,0x29,0x3b,0x0a,0x20,0x20,0x20,0x20,0x75,0x76,
    0x20,0x3d,0x20,0x28,0x28,0x76,0x65,0x63,0x32,0x28,0x66,0x6c,0x6f,0x61,0x74,0x28,
    0x5f,0x31,0x32,0x32,0x20,0x25,0x20,0x5f,0x31,0x32,0x37,0x29,0x2c,0x20,0x66,0x6c,
    0x6f,0x61,0x74,0x28,0x5f,0x31,0x32,0x32,0x20,0x2f,0x20,0x5f,0x31,0x32,0x37,0x29,
    0x29,0x20,0x2b,0x20,0x5f,0x34,0x37,0x29,0x20,0x2a,0x20,0x76,0x73,0x5f,0x70,0x61,
    0x72,0x61,0x6d,0x73,0x5b,0x31,0x5d,0x2e,0x78,0x79,0x29,0x20,0x2f,0x20,0x76,0x73,
    0x5f,0x70,0x61,0x72,0x61,0x6d,0x73,0x5b,0x32,0x5d,0x2e,0x78,0x79,0x3b,0x0a,0x20,
    0x20,0x20,0x20,0x6c,0x6f,0x63,0x61,0x6c,0x5f,0x70,0x78,0x20,0x3d,0x20,0x5f,0x34,
    0x37,0x20,0x2a,0x20,0x76,0x73,0x5f,0x70,0x61,0x72,0x61,0x6d,0x73,0x5b,0x31,0x5d,
    0x2e,0x78,0x79,0x3b,0x0a,0x20,0x20,0x20,0x20,0x76,0x5f,0x66,0x67,0x20,0x3d,0x20,
    0x66,0x67,0x3b,0x0a,0x20,0x20,0x20,0x20,0x76,0x5f,0x62,0x67,0x20,0x3d,0x20,0x62,
    0x67,0x3b,0x0a,0x20,0x20,0x20,0x20,0x76,0x5f,0x66,0x6c,0x61,0x67,0x73,0x20,0x3d,
    0x20,0x66,0x6c,0x6f,0x61,0x74,0x28,0x73,0x6c,0x6f,0x74,0x5f,0x66,0x6c,0x61,0x67,
    0x73,0x2e,0x79,0x29,0x3b,0x0a,0x20,0x20,0x20,0x20,0x76,0x5f,0x6c,0x69,0x6e,0x65,
    0x73,0x20,0x3d,0x20,0x76,0x73,0x5f,0x70,0x61,0x72,0x61,0x6d,0x73,0x5b,0x33,0x5d,
    0x2e,0x78,0x79,0x7a,0x3b,0x0a,0x7d,0x0a,0x0a,0x00,
};
/*
    #version 300 es
    precision mediump float;
    precision highp int;

    uniform highp sampler2D atlas_tex_atlas_smp;

    in highp float v_flags;
    layout(location = 0) out highp vec4 frag_color;
    in highp vec2 uv;
    in highp vec2 local_px;
    in highp vec3 v_lines;
    in highp vec4 v_bg;
    in highp vec4 v_fg;

    bool flag(highp float b)
    {
        return mod(floor(v_flags / b), 2.0) >= 1.0;
    }

    void main()
    {
        highp float param = 16.0;
        if (flag(param))
        {
            frag_color = vec4(0.0);
            return;
        }
        highp float cov = texture(atlas_tex_atlas_smp, uv).x;
        highp float _60 = floor(local_px.y);
        highp float param_1 = 1.0;
        bool _62 = flag(param_1);
        bool _72;
        if (_62)
        {
            _72 = _60 >= v_lines.x;
        }
        else
        {
            _72 = _62;
        }
        bool _83;
        if (_72)
        {
            _83 = _60 < (v_lines.x + v_lines.z);
        }
        else
        {
            _83 = _72;
        }
        if (_83)
        {
            cov = 1.0;
        }
        highp float param_2 = 2.0;
        bool _87 = flag(param_2);
        bool _94;
        if (_87)
        {
            _94 = _60 >= v_lines.y;
        }
        else
        {
            _94 = _87;
        }
        bool _104;
        if (_94)
        {
            _104 = _60 < (v_lines.y + v_lines.z);
        }
        else
        {
            _104 = _94;
        }
        if (_104)
        {
            cov = 1.0;
        }
        frag_color = mix(vec4(v_bg.xyz * v_bg.w, v_bg.w), vec4(v_fg.xyz * v_fg.w, v_fg.w), vec4(cov));
    }

*/
static const uint8_t ui_grid_fs_source_glsl300es[1376] = {
    0x23,0x76,0x65,0x72,0x73,0x69,0x6f,0x6e,0x20,0x33,0x30,0x30,0x20,0x65,0x73,0x0a,
    0x70,0x72,0x65,0x63,0x69,0x73,0x69,0x6f,0x6e,0x20,0x6d,0x65,0x64,0x69,0x75,0x6d,
    0x70,0x20,0x66,0x6c,0x6f,0x61,0x74,0x3b,0x0a,0x70,0x72,0x65,0x63,0x69,0x73,0x69,
    0x6f,0x6e,0x20,0x68,0x69,0x67,0x68,0x70,0x20,0x69,0x6e,0x74,0x3b,0x0a,0x0a,0x75,
    0x6e,0x69,0x66,0x6f,0x72,0x6d,0x20,0x68,0x69,0x67,0x68,0x70,0x20,0x73,0x61,0x6d,
    0x70,0x6c,0x65,0x72,0x32,0x44,0x20,0x61,0x74,0x6c,0x61,0x73,0x5f,0x74,0x65,0x78,
    0x5f,0x61,0x74,0x6c,0x61,0x73,0x5f,0x73,0x6d,0x70,0x3b,0x0a,0x0a,0x69,0x6e,0x20,
    0x68,0x69,0x67,0x68,0x70,0x20,0x66,0x6c,0x6f,0x61,0x74,0x20,0x76,0x5f,0x66,0x6c,
    0x61,0x67,0x73,0x3b,0x0a,0x6c,0x61,0x79,0x6f,0x75,0x74,0x28,0x6c,0x6f,0x63,0x61,
    0x74,0x69,0x6f,0x6e,0x20,0x3d,0x20,0x30,0x29,0x20,0x6f,0x75,0x74,0x20,0x68,0x69,
    0x67,0x68,0x70,0x20,0x76,0x65,0x63,0x34,0x20,0x66,0x72,0x61,0x67,0x5f,0x63,0x6f,
    0x6c,0x6f,0x72,0x3b,0x0a,0x69,0x6e,0x20,0x68,0x69,0x67,0x68,0x70,0x20,0x76,0x65,
    0x63,0x32,0x20,0x75,0x76,0x3b,0x0a,0x69,0x6e,0x20,0x68,0x69,0x67,0x68,0x70,0x20,
    0x76,0x65,0x63,0x32,0x20,0x6c,0x6f,0x63,0x61,0x6c,0x5f,0x70,0x78,0x3b,0x0a,0x69,
    0x6e,0x20,0x68,0x69,0x67,0x68,0x70,0x20,0x76,0x65,0x63,0x33,0x20,0x76,0x5f,0x6c,
    0x69,0x6e,0x65,0x73,0x3b,0x0a,0x69,0x6e,0x20,0x68,0x69,0x67,0x68,0x70,0x20,0x76,
    0x65,0x63,0x34,0x20,0x76,0x5f,0x62,0x67,0x3b,0x0a,0x69,0x6e,0x20,0x68,0x69,0x67,
    0x68,0x70,0x20,0x76,0x65,0x63,0x34,0x20,0x76,0x5f,0x66,0x67,0x3b,0x0a,0x0a,0x62,
    0x6f,0x6f,0x6c,0x20,0x66,0x6c,0x61,0x67,0x28,0x68,0x69,0x67,0x68,0x70,0x20,0x66,
    0x6c,0x6f,0x61,0x74,0x20,0x62,0x29,0x0a,0x7b,0x0a,0x20,0x20,0x20,0x20,0x72,0x65,
    0x74,0x75,0x72,0x6e,0x20,0x6d,0x6f,0x64,0x28,0x66,0x6c,0x6f,0x6f,0x72,0x28,0x76,
    0x5f,0x66,0x6c,0x61,0x67,0x73,0x20,0x2f,0x20,0x62,0x29,0x2c,0x20,0x32,0x2e,0x30,
    0x29,0x20,0x3e,0x3d,0x20,0x31,0x2e,0x30,0x3b,0x0a,0x7d,0x0a,0x0a,0x76,0x6f,0x69,
    0x64,0x20,0x6d,0x61,0x69,0x6e,0x28,0x29,0x0a,0x7b,0x0a,0x20,0x20,0x20,0x20,0x68,
    0x69,0x67,0x68,0x70,0x20,0x66,0x6c,0x6f,0x61,0x74,0x20,0x70,0x61,0x72,0x61,0x6d,
    0x20,0x3d,0x20,0x31,0x36,0x2e,0x30,0x3b,0x0a,0x20,0x20,0x20,0x20,0x69,0x66,0x20,
    0x28,0x66,0x6c,0x61,0x67,0x28,0x70,0x61,0x72,0x61,0x6d,0x29,0x29,0x0a,0x20,0x20,
    0x20,0x20,0x7b,0x0a,0x20,0x20,0x20,0x20,0x20,0x20,0x20,0x20,0x66,0x72,0x61,0x67,
    0x5f,0x63,0x6f,0x6c,0x6f,0x72,0x20,0x3d,0x20,0x76,0x65,0x63,0x34,0x28,0x30,0x2e,
    0x30,0x29,0x3b,0x0a,0x20,0x20,0x20,0x20,0x20,0x20,0x20,0x20,0x72,0x65,0x74,0x75,
    0x72,0x6e,0x3b,0x0a,0x20,0x20,0x20,0x20,0x7d,0x0a,0x20,0x20,0x20,0x20,0x68,0x69,
    0x67,0x68,0x70,0x20,0x66,0x6c,0x6f,0x61,0x74,0x20,0x63,0x6f,0x76,0x20,0x3d,0x20,
    0x74,0x65,0x78,0x74,0x75,0x72,0x65,0x28,0x61,0x74,0x6c,0x61,0x73,0x5f,0x74,0x65,
    0x78,0x5f,0x61,0x74,0x6c,0x61,0x73,0x5f,0x73,0x6d,0x70,0x2c,0x20,0x75,0x76,0x29,
    0x2e,0x78,0x3b,0x0a,0x20,0x20,0x20,0x20,0x68,0x69,0x67,0x68,0x70,0x20,0x66,0x6c,
    0x6f,0x61,0x74,0x20,0x5f,0x36,0x30,0x20,0x3d,0x20,0x66,0x6c,0x6f,0x6f,0x72,0x28,
    0x6c,0x6f,0x63,0x61,0x6c,0x5f,0x70,0x78,0x2e,0x79,0x29,0x3b,0x0a,0x20,0x20,0x20,
    0x20,0x68,0x69,0x67,0x68,0x70,0x20,0x66,0x6c,0x6f,0x61,0x74,0x20,0x70,0x61,0x72,
    0x61,0x6d,0x5f,0x31,0x20,0x3d,0x20,0x31,0x2e,0x30,0x3b,0x0a,0x20,0x20,0x20,0x20,
    0x62,0x6f,0x6f,0x6c,0x20,0x5f,0x36,0x32,0x20,0x3d,0x20,0x66,0x6c,0x61,0x67,0x28,
    0x70,0x61,0x72,0x61,0x6d,0x5f,0x31,0x29,0x3b,0x0a,0x20,0x20,0x20,0x20,0x62,0x6f,
    0x6f,0x6c,0x20,0x5f,0x37,0x32,0x3b,0x0a,0x20,0x20,0x20,0x20,0x69,0x66,0x20,0x28,
    0x5f,0x36,0x32,0x29,0x0a,0x20,0x20,0x20,0x20,0x7b,0x0a,0x20,0x20,0x20,0x20,0x20,
    0x20,0x20,0x20,0x5f,0x37,0x32,0x20,0x3d,0x20,0x5f,0x36,0x30,0x20,0x3e,0x3d,0x20,
    0x76,0x5f,0x6c,0x69,0x6e,0x65,0x73,0x2e,0x78,0x3b,0x0a,0x20,0x20,0x20,0x20,0x7d,
    0x0a,0x20,0x20,0x20,0x20,0x65,0x6c,0x73,0x65,0x0a,0x20,0x20,0x20,0x20,0x7b,0x0a,
    0x20,0x20,0x20,0x20,0x20,0x20,0x20,0x20,0x5f,0x37,0x32,0x20,0x3d,0x20,0x5f,0x36,
    0x32,0x3b,0x0a,0x20,0x20,0x20,0x20,0x7d,0x0a,0x20,0x20,0x20,0x20,0x62,0x6f,0x6f,
    0x6c,0x20,0x5f,0x38,0x33,0x3b,0x0a,0x20,0x20,0x20,0x20,0x69,0x66,0x20,0x28,0x5f,
    0x37,0x32,0x29,0x0a,0x20,0x20,0x20,0x20,0x7b,0x0a,0x20,0x20,0x20,0x20,0x20,0x20,
    0x20,0x20,0x5f,0x38,0x33,0x20,0x3d,0x20,0x5f,0x36,0x30,0x20,0x3c,0x20,0x28,0x76,
    0x5f,0x6c,0x69,0x6e,0x65,0x73,0x2e,0x78,0x20,0x2b,0x20,0x76,0x5f,0x6c,0x69,0x6e,
    0x65,0x73,0x2e,0x7a,0x29,0x3b,0x0a,0x20,0x20,0x20,0x20,0x7d,0x0a,0x20,0x20,0x20,
    0x20,0x65,0x6c,0x73,0x65,0x0a,0x20,0x20,0x20,0x20,0x7b,0x0a,0x20,0x20,0x20,0x20,
    0x20,0x20,0x20,0x20,0x5f,0x38,0x33,0x20,0x3d,0x20,0x5f,0x37,0x32,0x3b,0x0a,0x20,
    0x20,0x20,0x20,0x7d,0x0a,0x20,0x20,0x20,0x20,0x69,0x66,0x20,0x28,0x5f,0x38,0x33,
    0x29,0x0a,0x20,0x20,0x20,0x20,0x7b,0x0a,0x20,0x20,0x20,0x20,0x20,0x20,0x20,0x20,
    0x63,0x6f,0x76,0x20,0x3d,0x20,0x31,0x2e,0x30,0x3b,0x0a,0x20,0x20,0x20,0x20,0x7d,
    0x0a,0x20,0x20,0x20,0x20,0x68,0x69,0x67,0x68,0x70,0x20,0x66,0x6c,0x6f,0x61,0x74,
    0x20,0x70,0x61,0x72,0x61,0x6d,0x5f,0x32,0x20,0x3d,0x20,0x32,0x2e,0x30,0x3b,0x0a,
    0x20,0x20,0x20,0x20,0x62,0x6f,0x6f,0x6c,0x20,0x5f,0x38,0x37,0x20,0x3d,0x20,0x66,
    0x6c,0x61,0x67,0x28,0x70,0x61,0x72,0x61,0x6d,0x5f,0x32,0x29,0x3b,0x0a,0x20,0x20,
    0x20,0x20,0x62,0x6f,0x6f,0x6c,0x20,0x5f,0x39,0x34,0x3b,0x0a,0x20,0x20,0x20,0x20,
    0x69,0x66,0x20,0x28,0x5f,0x38,0x37,0x29,0x0a,0x20,0x20,0x20,0x20,0x7b,0x0a,0x20,
    0x20,0x20,0x20,0x20,0x20,0x20,0x20,0x5f,0x39,0x34,0x20,0x3d,0x20,0x5f,0x36,0x30,
    0x20,0x3e,0x3d,0x20,0x76,0x5f,0x6c,0x69,0x6e,0x65,0x73,0x2e,0x79,0x3b,0x0a,0x20,
    0x20,0x20,0x20,0x7d,0x0a,0x20,0x20,0x20,0x20,0x65,0x6c,0x73,0x65,0x0a,0x20,0x20,
    0x20,0x20,0x7b,0x0a,0x20,0x20,0x20,0x20,0x20,0x20,0x20,0x20,0x5f,0x39,0x34,0x20,
    0x3d,0x20,0x5f,0x38,0x37,0x3b,0x0a,0x20,0x20,0x20,0x20,0x7d,0x0a,0x20,0x20,0x20,
    0x20,0x62,0x6f,0x6f,0x6c,0x20,0x5f,0x31,0x30,0x34,0x3b,0x0a,0x20,0x20,0x20,0x20,
    0x69,0x66,0x20,0x28,0x5f,0x39,0x34,0x29,0x0a,0x20,0x20,0x20,0x20,0x7b,0x0a,0x20,
    0x20,0x20,0x20,0x20,0x20,0x20,0x20,0x5f,0x31,0x30,0x34,0x20,0x3d,0x20,0x5f,0x36,
    0x30,0x20,0x3c,0x20,0x28,0x76,0x5f,0x6c,0x69,0x6e,0x65,0x73,0x2e,0x79,0x20,0x2b,
    0x20,0x76,0x5f,0x6c,0x69,0x6e,0x65,0x73,0x2e,0x7a,0x29,0x3b,0x0a,0x20,0x20,0x20,
    0x20,0x7d,0x0a,0x20,0x20,0x20,0x20,0x65,0x6c,0x73,0x65,0x0a,0x20,0x20,0x20,0x20,
    0x7b,0x0a,0x20,0x20,0x20,0x20,0x20,0x20,0x20,0x20,0x5f,0x31,0x30,0x34,0x20,0x3d,
    0x20,0x5f,0x39,0x34,0x3b,0x0a,0x20,0x20,0x20,0x20,0x7d,0x0a,0x20,0x20,0x20,0x20,
    0x69,0x66,0x20,0x28,0x5f,0x31,0x30,0x34,0x29,0x0a,0x20,0x20,0x20,0x20,0x7b,0x0a,
    0x20,0x20,0x20,0x20,0x20,0x20,0x20,0x20,0x63,0x6f,0x76,0x20,0x3d,0x20,0x31,0x2e,
    0x30,0x3b,0x0a,0x20,0x20,0x20,0x20,0x7d,0x0a,0x20,0x20,0x20,0x20,0x66,0x72,0x61,
    0x67,0x5f,0x63,0x6f,0x6c,0x6f,0x72,0x20,0x3d,0x20,0x6d,0x69,0x78,0x28,0x76,0x65,
    0x63,0x34,0x28,0x76,0x5f,0x62,0x67,0x2e,0x78,0x79,0x7a,0x20,0x2a,0x20,0x76,0x5f,
    0x62,0x67,0x2e,0x77,0x2c,0x20,0x76,0x5f,0x62,0x67,0x2e,0x77,0x29,0x2c,0x20,0x76,
    0x65,0x63,0x34,0x28,0x76,0x5f,0x66,0x67,0x2e,0x78,0x79,0x7a,0x20,0x2a,0x20,0x76,
    0x5f,0x66,0x67,0x2e,0x77,0x2c,0x20,0x76,0x5f,0x66,0x67,0x2e,0x77,0x29,0x2c,0x20,
    0x76,0x65,0x63,0x34,0x28,0x63,0x6f,0x76,0x29,0x29,0x3b,0x0a,0x7d,0x0a,0x0a,0x00,

};
/*
    cbuffer vs_params : register(b0)
    {
        float4 _52_frame : packoffset(c0);
        float4 _52_cell : packoffset(c1);
        float4 _52_atlas : packoffset(c2);
        float4 _52_lines : packoffset(c3);
    };


    static float4 gl_Position;
    static int gl_VertexIndex;
    static int gl_InstanceIndex;
    static uint2 slot_flags;
    static float2 uv;
    static float2 local_px;
    static float4 v_fg;
    static float4 fg;
    static float4 v_bg;
    static float4 bg;
    static float v_flags;
    static float3 v_lines;

    struct SPIRV_Cross_Input
    {
        uint2 slot_flags : TEXCOORD0;
        float4 fg : TEXCOORD1;
        float4 bg : TEXCOORD2;
        uint gl_VertexIndex : SV_VertexID;
        uint gl_InstanceIndex : SV_InstanceID;
    };

    struct SPIRV_Cross_Output
    {
        float2 uv : TEXCOORD0;
        float2 local_px : TEXCOORD1;
        float4 v_fg : TEXCOORD2;
        float4 v_bg : TEXCOORD3;
        float v_flags : TEXCOORD4;
        float3 v_lines : TEXCOORD5;
        float4 gl_Position : SV_Position;
    };

    void vert_main()
    {
        bool _25 = gl_VertexIndex == 4;
        float2 _47 = float2(float(((gl_VertexIndex == 1) || (gl_VertexIndex == 3)) || _25), float(((gl_VertexIndex == 2) || _25) || (gl_VertexIndex == 5)));
        int _58 = int(_52_cell.z);
        float2 _85 = _52_frame.zw + ((float2(float(gl_InstanceIndex % _58), float(gl_InstanceIndex / _58)) + _47) * _52_cell.xy);
        gl_Position = float4(((_85.x / _52_frame.x) * 2.0f) - 1.0f, 1.0f - ((_85.y / _52_frame.y) * 2.0f), 0.0f, 1.0f);
        int _122 = int(slot_flags.x);
        int _127 = int(_52_cell.w);
        uv = ((float2(float(_122 % _127), float(_122 / _127)) + _47) * _52_cell.xy) / _52_atlas.xy;
        local_px = _47 * _52_cell.xy;
        v_fg = fg;
        v_bg = bg;
        v_flags = float(slot_flags.y);
        v_lines = _52_lines.xyz;
    }

    SPIRV_Cross_Output main(SPIRV_Cross_Input stage_input)
    {
        gl_VertexIndex = int(stage_input.gl_VertexIndex);
        gl_InstanceIndex = int(stage_input.gl_InstanceIndex);
        slot_flags = stage_input.slot_flags;
        fg = stage_input.fg;
        bg = stage_input.bg;
        vert_main();
        SPIRV_Cross_Output stage_output;
        stage_output.gl_Position = gl_Position;
        stage_output.uv = uv;
        stage_output.local_px = local_px;
        stage_output.v_fg = v_fg;
        stage_output.v_bg = v_bg;
        stage_output.v_flags = v_flags;
        stage_output.v_lines = v_lines;
        return stage_output;
    }
*/
static const uint8_t ui_grid_vs_source_hlsl4[2275] = {
    0x63,0x62,0x75,0x66,0x66,0x65,0x72,0x20,0x76,0x73,0x5f,0x70,0x61,0x72,0x61,0x6d,
    0x73,0x20,0x3a,0x20,0x72,0x65,0x67,0x69,0x73,0x74,0x65,0x72,0x28,0x62,0x30,0x29,
    0x0a,0x7b,0x0a,0x20,0x20,0x20,0x20,0x66,0x6c,0x6f,0x61,0x74,0x34,0x20,0x5f,0x35,
    0x32,0x5f,0x66,0x72,0x61,0x6d,0x65,0x20,0x3a,0x20,0x70,0x61,0x63,0x6b,0x6f,0x66,
    0x66,0x73,0x65,0x74,0x28,0x63,0x30,0x29,0x3b,0x0a,0x20,0x20,0x20,0x20,0x66,0x6c,
    0x6f,0x61,0x74,0x34,0x20,0x5f,0x35,0x32,0x5f,0x63,0x65,0x6c,0x6c,0x20,0x3a,0x20,
    0x70,0x61,0x63,0x6b,0x6f,0x66,0x66,0x73,0x65,0x74,0x28,0x63,0x31,0x29,0x3b,0x0a,
    0x20,0x20,0x20,0x20,0x66,0x6c,0x6f,0x61,0x74,0x34,0x20,0x5f,0x35,0x32,0x5f,0x61,
    0x74,0x6c,0x61,0x73,0x20,0x3a,0x20,0x70,0x61,0x63,0x6b,0x6f,0x66,0x66,0x73,0x65,
    0x74,0x28,0x63,0x32,0x29,0x3b,0x0a,0x20,0x20,0x20,0x20,0x66,0x6c,0x6f,0x61,0x74,
    0x34,0x20,0x5f,0x35,0x32,0x5f,0x6c,0x69,0x6e,0x65,0x73,0x20,0x3a,0x20,0x70,0x61,
    0x63,0x6b,0x6f,0x66,0x66,0x73,0x65,0x74,0x28,0x63,0x33,0x29,0x3b,0x0a,0x7d,0x3b,
    0x0a,0x0a,0x0a,0x73,0x74,0x61,0x74,0x69,0x63,0x20,0x66,0x6c,0x6f,0x61,0x74,0x34,
    0x20,0x67,0x6c,0x5f,0x50,0x6f,0x73,0x69,0x74,0x69,0x6f,0x6e,0x3b,0x0a,0x73,0x74,
    0x61,0x74,0x69,0x63,0x20,0x69,0x6e,0x74,0x20,0x67,0x6c,0x5f,0x56,0x65,0x72,0x74,
    0x65,0x78,0x49,0x6e,0x64,0x65,0x78,0x3b,0x0a,0x73,0x74,0x61,0x74,0x69,0x63,0x20,
    0x69,0x6e,0x74,0x20,0x67,0x6c,0x5f,0x49,0x6e,0x73,0x74,0x61,0x6e,0x63,0x65,0x49,
    0x6e,0x64,0x65,0x78,0x3b,0x0a,0x73,0x74,0x61,0x74,0x69,0x63,0x20,0x75,0x69,0x6e,
    0x74,0x32,0x20,0x73,0x6c,0x6f,0x74,0x5f,0x66,0x6c,0x61,0x67,0x73,0x3b,0x0a,0x73,
    0x74,0x61,0x74,0x69,0x63,0x20,0x66,0x6c,0x6f,0x61,0x74,0x32,0x20,0x75,0x76,0x3b,
    0x0a,0x73,0x74,0x61,0x74,0x69,0x63,0x20,0x66,0x6c,0x6f,0x61,0x74,0x32,0x20,0x6c,
    0x6f,0x63,0x61,0x6c,0x5f,0x70,0x78,0x3b,0x0a,0x73,0x74,0x61,0x74,0x69,0x63,0x20,
    0x66,0x6c,0x6f,0x61,0x74,0x34,0x20,0x76,0x5f,0x66,0x67,0x3b,0x0a,0x73,0x74,0x61,
    0x74,0x69,0x63,0x20,0x66,0x6c,0x6f,0x61,0x74,0x34,0x20,0x66,0x67,0x3b,0x0a,0x73,
    0x74,0x61,0x74,0x69,0x63,0x20,0x66,0x6c,0x6f,0x61,0x74,0x34,0x20,0x76,0x5f,0x62,
    0x67,0x3b,0x0a,0x73,0x74,0x61,0x74,0x69,0x63,0x20,0x66,0x6c,0x6f,0x61,0x74,0x34,
    0x20,0x62,0x67,0x3b,0x0a,0x73,0x74,0x61,0x74,0x69,0x63,0x20,0x66,0x6c,0x6f,0x61,
    0x74,0x20,0x76,0x5f,0x66,0x6c,0x61,0x67,0x73,0x3b,0x0a,0x73,0x74,0x61,0x74,0x69,
    0x63,0x20,0x66,0x6c,0x6f,0x61,0x74,0x33,0x20,0x76,0x5f,0x6c,0x69,0x6e,0x65,0x73,
    0x3b,0x0a,0x0a,0x73,0x74,0x72,0x75,0x63,0x74,0x20,0x53,0x50,0x49,0x52,0x56,0x5f,
    0x43,0x72,0x6f,0x73,0x73,0x5f,0x49,0x6e,0x70,0x75,0x74,0x0a,0x7b,0x0a,0x20,0x20,
    0x20,0x20,0x75,0x69,0x6e,0x74,0x32,0x20,0x73,0x6c,0x6f,0x74,0x5f,0x66,0x6c,0x61,
    0x67,0x73,0x20,0x3a,0x20,0x54,0x45,0x58,0x43,0x4f,0x4f,0x52,0x44,0x30,0x3b,0x0a,
    0x20,0x20,0x20,0x20,0x66,0x6c,0x6f,0x61,0x74,0x34,0x20,0x66,0x67,0x20,0x3a,0x20,
    0x54,0x45,0x58,0x43,0x4f,0x4f,0x52,0x44,0x31,0x3b,0x0a,0x20,0x20,0x20,0x20,0x66,
    0x6c,0x6f,0x61,0x74,0x34,0x20,0x62,0x67,0x20,0x3a,0x20,0x54,0x45,0x58,0x43,0x4f,
    0x4f,0x52,0x44,0x32,0x3b,0x0a,0x20,0x20,0x20,0x20,0x75,0x69,0x6e,0x74,0x20,0x67,
    0x6c,0x5f,0x56,0x65,0x72,0x74,0x65,0x78,0x49,0x6e,0x64,0x65,0x78,0x20,0x3a,0x20,
    0x53,0x56,0x5f,0x56,0x65,0x72,0x74,0x65,0x78,0x49,0x44,0x3b,0x0a,0x20,0x20,0x20,
    0x20,0x75,0x69,0x6e,0x74,0x20,0x67,0x6c,0x5f,0x49,0x6e,0x73,0x74,0x61,0x6e,0x63,
    0x65,0x49,0x6e,0x64,0x65,0x78,0x20,0x3a,0x20,0x53,0x56,0x5f,0x49,0x6e,0x73,0x74,
    0x61,0x6e,0x63,0x65,0x49,0x44,0x3b,0x0a,0x7d,0x3b,0x0a,0x0a,0x73,0x74,0x72,0x75,
    0x63,0x74,0x20,0x53,0x50,0x49,0x52,0x56,0x5f,0x43,0x72,0x6f,0x73,0x73,0x5f,0x4f,
    0x75,0x74,0x70,0x75,0x74,0x0a,0x7b,0x0a,0x20,0x20,0x20,0x20,0x66,0x6c,0x6f,0x61,
    0x74,0x32,0x20,0x75,0x76,0x20,0x3a,0x20,0x54,0x45,0x58,0x43,0x4f,0x4f,0x52,0x44,
    0x30,0x3b,0x0a,0x20,0x20,0x20,0x20,0x66,0x6c,0x6f,0x61,0x74,0x32,0x20,0x6c,0x6f,
    0x63,0x61,0x6c,0x5f,0x70,0x78,0x20,0x3a,0x20,0x54,0x45,0x58,0x43,0x4f,0x4f,0x52,
    0x44,0x31,0x3b,0x0a,0x20,0x20,0x20,0x20,0x66,0x6c,0x6f,0x61,0x74,0x34,0x20,0x76,
    0x5f,0x66,0x67,0x20,0x3a,0x20,0x54,0x45,0x58,0x43,0x4f,0x4f,0x52,0x44,0x32,0x3b,
    0x0a,0x20,0x20,0x20,0x20,0x66,0x6c,0x6f,0x61,0x74,0x34,0x20,0x76,0x5f,0x62,0x67,
    0x20,0x3a,0x20,0x54,0x45,0x58,0x43,0x4f,0x4f,0x52,0x44,0x33,0x3b,0x0a,0x20,0x20,
    0x20,0x20,0x66,0x6c,0x6f,0x61,0x74,0x20,0x76,0x5f,0x66,0x6c,0x61,0x67,0x73,0x20,
    0x3a,0x20,0x54,0x45,0x58,0x43,0x4f,0x4f,0x52,0x44,0x34,0x3b,0x0a,0x20,0x20,0x20,
    0x20,0x66,0x6c,0x6f,0x61,0x74,0x33,0x20,0x76,0x5f,0x6c,0x69,0x6e,0x65,0x73,0x20,
    0x3a,0x20,0x54,0x45,0x58,0x43,0x4f,0x4f,0x52,0x44,0x35,0x3b,0x0a,0x20,0x20,0x20,
    0x20,0x66,0x6c,0x6f,0x61,0x74,0x34,0x20,0x67,0x6c,0x5f,0x50,0x6f,0x73,0x69,0x74,
    0x69,0x6f,0x6e,0x20,0x3a,0x20,0x53,0x56,0x5f,0x50,0x6f,0x73,0x69,0x74,0x69,0x6f,
    0x6e,0x3b,0x0a,0x7d,0x3b,0x0a,0x0a,0x76,0x6f,0x69,0x64,0x20,0x76,0x65,0x72,0x74,
    0x5f,0x6d,0x61,0x69,0x6e,0x28,0x29,0x0a,0x7b,0x0a,0x20,0x20,0x20,0x20,0x62,0x6f,
    0x6f,0x6c,0x20,0x5f,0x32,0x35,0x20,0x3d,0x20,0x67,0x6c,0x5f,0x56,0x65,0x72,0x74,
    0x65,0x78,0x49,0x6e,0x64,0x65,0x78,0x20,0x3d,0x3d,0x20,0x34,0x3b,0x0a,0x20,0x20,
    0x20,0x20,0x66,0x6c,0x6f,0x61,0x74,0x32,0x20,0x5f,0x34,0x37,0x20,0x3d,0x20,0x66,
    0x6c,0x6f,0x61,0x74,0x32,0x28,0x66,0x6c,0x6f,0x61,0x74,0x28,0x28,0x28,0x67,0x6c,
    0x5f,0x56,0x65,0x72,0x74,0x65,0x78,0x49,0x6e,0x64,0x65,0x78,0x20,0x3d,0x3d,0x20,
    0x31,0x29,0x20,0x7c,0x7c,0x20,0x28,0x67,0x6c,0x5f,0x56,0x65,0x72,0x74,0x65,0x78,
    0x49,0x6e,0x64,0x65,0x78,0x20,0x3d,0x3d,0x20,0x33,0x29,0x29,0x20,0x7c,0x7c,0x20,
    0x5f,0x32,0x35,0x29,0x2c,0x20,0x66,0x6c,0x6f,0x61,0x74,0x28,0x28,0x28,0x67,0x6c,
    0x5f,0x56,0x65,0x72,0x74,0x65,0x78,0x49,0x6e,0x64,0x65,0x78,0x20,0x3d,0x3d,0x20,
    0x32,0x29,0x20,0x7c,0x7c,0x20,0x5f,0x32,0x35,0x29,0x20,0x7c,0x7c,0x20,0x28,0x67,
    0x6c,0x5f,0x56,0x65,0x72,0x74,0x65,0x78,0x49,0x6e,0x64,0x65,0x78,0x20,0x3d,0x3d,
    0x20,0x35,0x29,0x29,0x29,0x3b,0x0a,0x20,0x20,0x20,0x20,0x69,0x6e,0x74,0x20,0x5f,
    0x35,0x38,0x20,0x3d,0x20,0x69,0x6e,0x74,0x28,0x5f,0x35,0x32,0x5f,0x63,0x65,0x6c,
    0x6c,0x2e,0x7a,0x29,0x3b,0x0a,0x20,0x20,0x20,0x20,0x66,0x6c,0x6f,0x61,0x74,0x32,
    0x20,0x5f,0x38,0x35,0x20,0x3d,0x20,0x5f,0x35,0x32,0x5f,0x66,0x72,0x61,0x6d,0x65,
    0x2e,0x7a,0x77,0x20,0x2b,0x20,0x28,0x28,0x66,0x6c,0x6f,0x61,0x74,0x32,0x28,0x66,
    0x6c,0x6f,0x61,0x74,0x28,0x67,0x6c,0x5f,0x49,0x6e,0x73,0x74,0x61,0x6e,0x63,0x65,
    0x49,0x6e,0x64,0x65,0x78,0x20,0x25,0x20,0x5f,0x35,0x38,0x29,0x2c,0x20,0x66,0x6c,
    0x6f,0x61,0x74,0x28,0x67,0x6c,0x5f,0x49,0x6e,0x73,0x74,0x61,0x6e,0x63,0x65,0x49,
    0x6e,0x64,0x65,0x78,0x20,0x2f,0x20,0x5f,0x35,0x38,0x29,0x29,0x20,0x2b,0x20,0x5f,
    0x34,0x37,0x29,0x20,0x2a,0x20,0x5f,0x35,0x32,0x5f,0x63,0x65,0x6c,0x6c,0x2e,0x78,
    0x79,0x29,0x3b,0x0a,0x20,0x20,0x20,0x20,0x67,0x6c,0x5f,0x50,0x6f,0x73,0x69,0x74,
    0x69,0x6f,0x6e,0x20,0x3d,0x20,0x66,0x6c,0x6f,0x61,0x74,0x34,0x28,0x28,0x28,0x5f,
    0x38,0x35,0x2e,0x78,0x20,0x2f,0x20,0x5f,0x35,0x32,0x5f,0x66,0x72,0x61,0x6d,0x65,
    0x2e,0x78,0x29,0x20,0x2a,0x20,0x32,0x2e,0x30,0x66,0x29,0x20,0x2d,0x20,0x31,0x2e,
    0x30,0x66,0x2c,0x20,0x31,0x2e,0x30,0x66,0x20,0x2d,0x20,0x28,0x28,0x5f,0x38,0x35,
    0x2e,0x79,0x20,0x2f,0x20,0x5f,0x35,0x32,0x5f,0x66,0x72,0x61,0x6d,0x65,0x2e,0x79,
    0x29,0x20,0x2a,0x20,0x32,0x2e,0x30,0x66,0x29,0x2c,0x20,0x30,0x2e,0x30,0x66,0x2c,
    0x20,0x31,0x2e,0x30,0x66,0x29,0x3b,0x0a,0x20,0x20,0x20,0x20,0x69,0x6e,0x74,0x20,
    0x5f,0x31,0x32,0x32,0x20,0x3d,0x20,0x69,0x6e,0x74,0x28,0x73,0x6c,0x6f,0x74,0x5f,
    0x66,0x6c,0x61,0x67,0x73,0x2e,0x78,0x29,0x3b,0x0a,0x20,0x20,0x20,0x20,0x69,0x6e,
    0x74,0x20,0x5f,0x31,0x32,0x37,0x20,0x3d,0x20,0x69,0x6e,0x74,0x28,0x5f,0x35,0x32,
    0x5f,0x63,0x65,0x6c,0x6c,0x2e,0x77,0x29,0x3b,0x0a,0x20,0x20,0x20,0x20,0x75,0x76,
    0x20,0x3d,0x20,0x28,0x28,0x66,0x6c,0x6f,0x61,0x74,0x32,0x28,0x66,0x6c,0x6f,0x61,
    0x74,0x28,0x5f,0x31,0x32,0x32,0x20,0x25,0x20,0x5f,0x31,0x32,0x37,0x29,0x2c,0x20,
    0x66,0x6c,0x6f,0x61,0x74,0x28,0x5f,0x31,0x32,0x32,0x20,0x2f,0x20,0x5f,0x31,0x32,
    0x37,0x29,0x29,0x20,0x2b,0x20,0x5f,0x34,0x37,0x29,0x20,0x2a,0x20,0x5f,0x35,0x32,
    0x5f,0x63,0x65,0x6c,0x6c,0x2e,0x78,0x79,0x29,0x20,0x2f,0x20,0x5f,0x35,0x32,0x5f,
    0x61,0x74,0x6c,0x61,0x73,0x2e,0x78,0x79,0x3b,0x0a,0x20,0x20,0x20,0x20,0x6c,0x6f,
    0x63,0x61,0x6c,0x5f,0x70,0x78,0x20,0x3d,0x20,0x5f,0x34,0x37,0x20,0x2a,0x20,0x5f,
    0x35,0x32,0x5f,0x63,0x65,0x6c,0x6c,0x2e,0x78,0x79,0x3b,0x0a,0x20,0x20,0x20,0x20,
    0x76,0x5f,0x66,0x67,0x20,0x3d,0x20,0x66,0x67,0x3b,0x0a,0x20,0x20,0x20,0x20,0x76,
    0x5f,0x62,0x67,0x20,0x3d,0x20,0x62,0x67,0x3b,0x0a,0x20,0x20,0x20,0x20,0x76,0x5f,
    0x66,0x6c,0x61,0x67,0x73,0x20,0x3d,0x20,0x66,0x6c,0x6f,0x61,0x74,0x28,0x73,0x6c,
    0x6f,0x74,0x5f,0x66,0x6c,0x61,0x67,0x73,0x2e,0x79,0x29,0x3b,0x0a,0x20,0x20,0x20,
    0x20,0x76,0x5f,0x6c,0x69,0x6e,0x65,0x73,0x20,0x3d,0x20,0x5f,0x35,0x32,0x5f,0x6c,
    0x69,0x6e,0x65,0x73,0x2e,0x78,0x79,0x7a,0x3b,0x0a,0x7d,0x0a,0x0a,0x53,0x50,0x49,
    0x52,0x56,0x5f,0x43,0x72,0x6f,0x73,0x73,0x5f,0x4f,0x75,0x74,0x70,0x75,0x74,0x20,
    0x6d,0x61,0x69,0x6e,0x28,0x53,0x50,0x49,0x52,0x56,0x5f,0x43,0x72,0x6f,0x73,0x73,
    0x5f,0x49,0x6e,0x70,0x75,0x74,0x20,0x73,0x74,0x61,0x67,0x65,0x5f,0x69,0x6e,0x70,
    0x75,0x74,0x29,0x0a,0x7b,0x0a,0x20,0x20,0x20,0x20,0x67,0x6c,0x5f,0x56,0x65,0x72,
    0x74,0x65,0x78,0x49,0x6e,0x64,0x65,0x78,0x20,0x3d,0x20,0x69,0x6e,0x74,0x28,0x73,
    0x74,0x61,0x67,0x65,0x5f,0x69,0x6e,0x70,0x75,0x74,0x2e,0x67,0x6c,0x5f,0x56,0x65,
    0x72,0x74,0x65,0x78,0x49,0x6e,0x64,0x65,0x78,0x29,0x3b,0x0a,0x20,0x20,0x20,0x20,
    0x67,0x6c,0x5f,0x49,0x6e,0x73,0x74,0x61,0x6e,0x63,0x65,0x49,0x6e,0x64,0x65,0x78,
    0x20,0x3d,0x20,0x69,0x6e,0x74,0x28,0x73,0x74,0x61,0x67,0x65,0x5f,0x69,0x6e,0x70,
    0x75,0x74,0x2e,0x67,0x6c,0x5f,0x49,0x6e,0x73,0x74,0x61,0x6e,0x63,0x65,0x49,0x6e,
    0x64,0x65,0x78,0x29,0x3b,0x0a,0x20,0x20,0x20,0x20,0x73,0x6c,0x6f,0x74,0x5f,0x66,
    0x6c,0x61,0x67,0x73,0x20,0x3d,0x20,0x73,0x74,0x61,0x67,0x65,0x5f,0x69,0x6e,0x70,
    0x75,0x74,0x2e,0x73,0x6c,0x6f,0x74,0x5f,0x66,0x6c,0x61,0x67,0x73,0x3b,0x0a,0x20,
    0x20,0x20,0x20,0x66,0x67,0x20,0x3d,0x20,0x73,0x74,0x61,0x67,0x65,0x5f,0x69,0x6e,
    0x70,0x75,0x74,0x2e,0x66,0x67,0x3b,0x0a,0x20,0x20,0x20,0x20,0x62,0x67,0x20,0x3d,
    0x20,0x73,0x74,0x61,0x67,0x65,0x5f,0x69,0x6e,0x70,0x75,0x74,0x2e,0x62,0x67,0x3b,
    0x0a,0x20,0x20,0x20,0x20,0x76,0x65,0x72,0x74,0x5f,0x6d,0x61,0x69,0x6e,0x28,0x29,
    0x3b,0x0a,0x20,0x20,0x20,0x20,0x53,0x50,0x49,0x52,0x56,0x5f,0x43,0x72,0x6f,0x73,
    0x73,0x5f,0x4f,0x75,0x74,0x70,0x75,0x74,0x20,0x73,0x74,0x61,0x67,0x65,0x5f,0x6f,
    0x75,0x74,0x70,0x75,0x74,0x3b,0x0a,0x20,0x20,0x20,0x20,0x73,0x74,0x61,0x67,0x65,
    0x5f,0x6f,0x75,0x74,0x70,0x75,0x74,0x2e,0x67,0x6c,0x5f,0x50,0x6f,0x73,0x69,0x74,
    0x69,0x6f,0x6e,0x20,0x3d,0x20,0x67,0x6c,0x5f,0x50,0x6f,0x73,0x69,0x74,0x69,0x6f,
    0x6e,0x3b,0x0a,0x20,0x20,0x20,0x20,0x73,0x74,0x61,0x67,0x65,0x5f,0x6f,0x75,0x74,
    0x70,0x75,0x74,0x2e,0x75,0x76,0x20,0x3d,0x20,0x75,0x76,0x3b,0x0a,0x20,0x20,0x20,
    0x20,0x73,0x74,0x61,0x67,0x65,0x5f,0x6f,0x75,0x74,0x70,0x75,0x74,0x2e,0x6c,0x6f,
    0x63,0x61,0x6c,0x5f,0x70,0x78,0x20,0x3d,0x20,0x6c,0x6f,0x63,0x61,0x6c,0x5f,0x70,
    0x78,0x3b,0x0a,0x20,0x20,0x20,0x20,0x73,0x74,0x61,0x67,0x65,0x5f,0x6f,0x75,0x74,
    0x70,0x75,0x74,0x2e,0x76,0x5f,0x66,0x67,0x20,0x3d,0x20,0x76,0x5f,0x66,0x67,0x3b,
    0x0a,0x20,0x20,0x20,0x20,0x73,0x74,0x61,0x67,0x65,0x5f,0x6f,0x75,0x74,0x70,0x75,
    0x74,0x2e,0x76,0x5f,0x62,0x67,0x20,0x3d,0x20,0x76,0x5f,0x62,0x67,0x3b,0x0a,0x20,
    0x20,0x20,0x20,0x73,0x74,0x61,0x67,0x65,0x5f,0x6f,0x75,0x74,0x70,0x75,0x74,0x2e,
    0x76,0x5f,0x66,0x6c,0x61,0x67,0x73,0x20,0x3d,0x20,0x76,0x5f,0x66,0x6c,0x61,0x67,
    0x73,0x3b,0x0a,0x20,0x20,0x20,0x20,0x73,0x74,0x61,0x67,0x65,0x5f,0x6f,0x75,0x74,
    0x70,0x75,0x74,0x2e,0x76,0x5f,0x6c,0x69,0x6e,0x65,0x73,0x20,0x3d,0x20,0x76,0x5f,
    0x6c,0x69,0x6e,0x65,0x73,0x3b,0x0a,0x20,0x20,0x20,0x20,0x72,0x65,0x74,0x75,0x72,
    0x6e,0x20,0x73,0x74,0x61,0x67,0x65,0x5f,0x6f,0x75,0x74,0x70,0x75,0x74,0x3b,0x0a,
    0x7d,0x0a,0x00,
};
/*
    Texture2D<float4> atlas_tex : register(t0);
    SamplerState atlas_smp : register(s0);

    static float v_flags;
    static float4 frag_color;
    static float2 uv;
    static float2 local_px;
    static float3 v_lines;
    static float4 v_bg;
    static float4 v_fg;

    struct SPIRV_Cross_Input
    {
        float2 uv : TEXCOORD0;
        float2 local_px : TEXCOORD1;
        float4 v_fg : TEXCOORD2;
        float4 v_bg : TEXCOORD3;
        float v_flags : TEXCOORD4;
        float3 v_lines : TEXCOORD5;
    };

    struct SPIRV_Cross_Output
    {
        float4 frag_color : SV_Target0;
    };

    float mod(float x, float y)
    {
        return x - y * floor(x / y);
    }

    float2 mod(float2 x, float2 y)
    {
        return x - y * floor(x / y);
    }

    float3 mod(float3 x, float3 y)
    {
        return x - y * floor(x / y);
    }

    float4 mod(float4 x, float4 y)
    {
        return x - y * floor(x / y);
    }

    bool flag(float b)
    {
        return mod(floor(v_flags / b), 2.0f) >= 1.0f;
    }

    void frag_main()
    {
        float param = 16.0f;
        if (flag(param))
        {
            frag_color = 0.0f.xxxx;
            return;
        }
        float cov = atlas_tex.Sample(atlas_smp, uv).x;
        float _60 = floor(local_px.y);
        float param_1 = 1.0f;
        bool _62 = flag(param_1);
        bool _72;
        if (_62)
        {
            _72 = _60 >= v_lines.x;
        }
        else
        {
            _72 = _62;
        }
        bool _83;
        if (_72)
        {
            _83 = _60 < (v_lines.x + v_lines.z);
        }
        else
        {
            _83 = _72;
        }
        if (_83)
        {
            cov = 1.0f;
        }
        float param_2 = 2.0f;
        bool _87 = flag(param_2);
        bool _94;
        if (_87)
        {
            _94 = _60 >= v_lines.y;
        }
        else
        {
            _94 = _87;
        }
        bool _104;
        if (_94)
        {
            _104 = _60 < (v_lines.y + v_lines.z);
        }
        else
        {
            _104 = _94;
        }
        if (_104)
        {
            cov = 1.0f;
        }
        frag_color = lerp(float4(v_bg.xyz * v_bg.w, v_bg.w), float4(v_fg.xyz * v_fg.w, v_fg.w), cov.xxxx);
    }

    SPIRV_Cross_Output main(SPIRV_Cross_Input stage_input)
    {
        v_flags = stage_input.v_flags;
        uv = stage_input.uv;
        local_px = stage_input.local_px;
        v_lines = stage_input.v_lines;
        v_bg = stage_input.v_bg;
        v_fg = stage_input.v_fg;
        frag_main();
        SPIRV_Cross_Output stage_output;
        stage_output.frag_color = frag_color;
        return stage_output;
    }
*/
static const uint8_t ui_grid_fs_source_hlsl4[2229] = {
    0x54,0x65,0x78,0x74,0x75,0x72,0x65,0x32,0x44,0x3c,0x66,0x6c,0x6f,0x61,0x74,0x34,
    0x3e,0x20,0x61,0x74,0x6c,0x61,0x73,0x5f,0x74,0x65,0x78,0x20,0x3a,0x20,0x72,0x65,
    0x67,0x69,0x73,0x74,0x65,0x72,0x28,0x74,0x30,0x29,0x3b,0x0a,0x53,0x61,0x6d,0x70,
    0x6c,0x65,0x72,0x53,0x74,0x61,0x74,0x65,0x20,0x61,0x74,0x6c,0x61,0x73,0x5f,0x73,
    0x6d,0x70,0x20,0x3a,0x20,0x72,0x65,0x67,0x69,0x73,0x74,0x65,0x72,0x28,0x73,0x30,
    0x29,0x3b,0x0a,0x0a,0x73,0x74,0x61,0x74,0x69,0x63,0x20,0x66,0x6c,0x6f,0x61,0x74,
    0x20,0x76,0x5f,0x66,0x6c,0x61,0x67,0x73,0x3b,0x0a,0x73,0x74,0x61,0x74,0x69,0x63,
    0x20,0x66,0x6c,0x6f,0x61,0x74,0x34,0x20,0x66,0x72,0x61,0x67,0x5f,0x63,0x6f,0x6c,
    0x6f,0x72,0x3b,0x0a,0x73,0x74,0x61,0x74,0x69,0x63,0x20,0x66,0x6c,0x6f,0x61,0x74,
    0x32,0x20,0x75,0x76,0x3b,0x0a,0x73,0x74,0x61,0x74,0x69,0x63,0x20,0x66,0x6c,0x6f,
    0x61,0x74,0x32,0x20,0x6c,0x6f,0x63,0x61,0x6c,0x5f,0x70,0x78,0x3b,0x0a,0x73,0x74,
    0x61,0x74,0x69,0x63,0x20,0x66,0x6c,0x6f,0x61,0x74,0x33,0x20,0x76,0x5f,0x6c,0x69,
    0x6e,0x65,0x73,0x3b,0x0a,0x73,0x74,0x61,0x74,0x69,0x63,0x20,0x66,0x6c,0x6f,0x61,
    0x74,0x34,0x20,0x76,0x5f,0x62,0x67,0x3b,0x0a,0x73,0x74,0x61,0x74,0x69,0x63,0x20,
    0x66,0x6c,0x6f,0x61,0x74,0x34,0x20,0x76,0x5f,0x66,0x67,0x3b,0x0a,0x0a,0x73,0x74,
    0x72,0x75,0x63,0x74,0x20,0x53,0x50,0x49,0x52,0x56,0x5f,0x43,0x72,0x6f,0x73,0x73,
    0x5f,0x49,0x6e,0x70,0x75,0x74,0x0a,0x7b,0x0a,0x20,0x20,0x20,0x20,0x66,0x6c,0x6f,
    0x61,0x74,0x32,0x20,0x75,0x76,0x20,0x3a,0x20,0x54,0x45,0x58,0x43,0x4f,0x4f,0x52,
    0x44,0x30,0x3b,0x0a,0x20,0x20,0x20,0x20,0x66,0x6c,0x6f,0x61,0x74,0x32,0x20,0x6c,
    0x6f,0x63,0x61,0x6c,0x5f,0x70,0x78,0x20,0x3a,0x20,0x54,0x45,0x58,0x43,0x4f,0x4f,
    0x52,0x44,0x31,0x3b,0x0a,0x20,0x20,0x20,0x20,0x66,0x6c,0x6f,0x61,0x74,0x34,0x20,
    0x76,0x5f,0x66,0x67,0x20,0x3a,0x20,0x54,0x45,0x58,0x43,0x4f,0x4f,0x52,0x44,0x32,
    0x3b,0x0a,0x20,0x20,0x20,0x20,0x66,0x6c,0x6f,0x61,0x74,0x34,0x20,0x76,0x5f,0x62,
    0x67,0x20,0x3a,0x20,0x54,0x45,0x58,0x43,0x4f,0x4f,0x52,0x44,0x33,0x3b,0x0a,0x20,
    0x20,0x20,0x20,0x66,0x6c,0x6f,0x61,0x74,0x20,0x76,0x5f,0x66,0x6c,0x61,0x67,0x73,
    0x20,0x3a,0x20,0x54,0x45,0x58,0x43,0x4f,0x4f,0x52,0x44,0x34,0x3b,0x0a,0x20,0x20,
    0x20,0x20,0x66,0x6c,0x6f,0x61,0x74,0x33,0x20,0x76,0x5f,0x6c,0x69,0x6e,0x65,0x73,
    0x20,0x3a,0x20,0x54,0x45,0x58,0x43,0x4f,0x4f,0x52,0x44,0x35,0x3b,0x0a,0x7d,0x3b,
    0x0a,0x0a,0x73,0x74,0x72,0x75,0x63,0x74,0x20,0x53,0x50,0x49,0x52,0x56,0x5f,0x43,
    0x72,0x6f,0x73,0x73,0x5f,0x4f,0x75,0x74,0x70,0x75,0x74,0x0a,0x7b,0x0a,0x20,0x20,
    0x20,0x20,0x66,0x6c,0x6f,0x61,0x74,0x34,0x20,0x66,0x72,0x61,0x67,0x5f,0x63,0x6f,
    0x6c,0x6f,0x72,0x20,0x3a,0x20,0x53,0x56,0x5f,0x54,0x61,0x72,0x67,0x65,0x74,0x30,
    0x3b,0x0a,0x7d,0x3b,0x0a,0x0a,0x66,0x6c,0x6f,0x61,0x74,0x20,0x6d,0x6f,0x64,0x28,
    0x66,0x6c,0x6f,0x61,0x74,0x20,0x78,0x2c,0x20,0x66,0x6c,0x6f,0x61,0x74,0x20,0x79,
    0x29,0x0a,0x7b,0x0a,0x20,0x20,0x20,0x20,0x72,0x65,0x74,0x75,0x72,0x6e,0x20,0x78,
    0x20,0x2d,0x20,0x79,0x20,0x2a,0x20,0x66,0x6c,0x6f,0x6f,0x72,0x28,0x78,0x20,0x2f,
    0x20,0x79,0x29,0x3b,0x0a,0x7d,0x0a,0x0a,0x66,0x6c,0x6f,0x61,0x74,0x32,0x20,0x6d,
    0x6f,0x64,0x28,0x66,0x6c,0x6f,0x61,0x74,0x32,0x20,0x78,0x2c,0x20,0x66,0x6c,0x6f,
    0x61,0x74,0x32,0x20,0x79,0x29,0x0a,0x7b,0x0a,0x20,0x20,0x20,0x20,0x72,0x65,0x74,
    0x75,0x72,0x6e,0x20,0x78,0x20,0x2d,0x20,0x79,0x20,0x2a,0x20,0x66,0x6c,0x6f,0x6f,
    0x72,0x28,0x78,0x20,0x2f,0x20,0x79,0x29,0x3b,0x0a,0x7d,0x0a,0x0a,0x66,0x6c,0x6f,
    0x61,0x74,0x33,0x20,0x6d,0x6f,0x64,0x28,0x66,0x6c,0x6f,0x61,0x74,0x33,0x20,0x78,
    0x2c,0x20,0x66,0x6c,0x6f,0x61,0x74,0x33,0x20,0x79,0x29,0x0a,0x7b,0x0a,0x20,0x20,
    0x20,0x20,0x72,0x65,0x74,0x75,0x72,0x6e,0x20,0x78,0x20,0x2d,0x20,0x79,0x20,0x2a,
    0x20,0x66,0x6c,0x6f,0x6f,0x72,0x28,0x78,0x20,0x2f,0x20,0x79,0x29,0x3b,0x0a,0x7d,
    0x0a,0x0a,0x66,0x6c,0x6f,0x61,0x74,0x34,0x20,0x6d,0x6f,0x64,0x28,0x66,0x6c,0x6f,
    0x61,0x74,0x34,0x20,0x78,0x2c,0x20,0x66,0x6c,0x6f,0x61,0x74,0x34,0x20,0x79,0x29,
    0x0a,0x7b,0x0a,0x20,0x20,0x20,0x20,0x72,0x65,0x74,0x75,0x72,0x6e,0x20,0x78,0x20,
    0x2d,0x20,0x79,0x20,0x2a,0x20,0x66,0x6c,0x6f,0x6f,0x72,0x28,0x78,0x20,0x2f,0x20,
    0x79,0x29,0x3b,0x0a,0x7d,0x0a,0x0a,0x62,0x6f,0x6f,0x6c,0x20,0x66,0x6c,0x61,0x67,
    0x28,0x66,0x6c,0x6f,0x61,0x74,0x20,0x62,0x29,0x0a,0x7b,0x0a,0x20,0x20,0x20,0x20,
    0x72,0x65,0x74,0x75,0x72,0x6e,0x20,0x6d,0x6f,0x64,0x28,0x66,0x6c,0x6f,0x6f,0x72,
    0x28,0x76,0x5f,0x66,0x6c,0x61,0x67,0x73,0x20,0x2f,0x20,0x62,0x29,0x2c,0x20,0x32,
    0x2e,0x30,0x66,0x29,0x20,0x3e,0x3d,0x20,0x31,0x2e,0x30,0x66,0x3b,0x0a,0x7d,0x0a,
    0x0a,0x76,0x6f,0x69,0x64,0x20,0x66,0x72,0x61,0x67,0x5f,0x6d,0x61,0x69,0x6e,0x28,
    0x29,0x0a,0x7b,0x0a,0x20,0x20,0x20,0x20,0x66,0x6c,0x6f,0x61,0x74,0x20,0x70,0x61,
    0x72,0x61,0x6d,0x20,0x3d,0x20,0x31,0x36,0x2e,0x30,0x66,0x3b,0x0a,0x20,0x20,0x20,
    0x20,0x69,0x66,0x20,0x28,0x66,0x6c,0x61,0x67,0x28,0x70,0x61,0x72,0x61,0x6d,0x29,
    0x29,0x0a,0x20,0x20,0x20,0x20,0x7b,0x0a,0x20,0x20,0x20,0x20,0x20,0x20,0x20,0x20,
    0x66,0x72,0x61,0x67,0x5f,0x63,0x6f,0x6c,0x6f,0x72,0x20,0x3d,0x20,0x30,0x2e,0x30,
    0x66,0x2e,0x78,0x78,0x78,0x78,0x3b,0x0a,0x20,0x20,0x20,0x20,0x20,0x20,0x20,0x20,
    0x72,0x65,0x74,0x75,0x72,0x6e,0x3b,0x0a,0x20,0x20,0x20,0x20,0x7d,0x0a,0x20,0x20,
    0x20,0x20,0x66,0x6c,0x6f,0x61,0x74,0x20,0x63,0x6f,0x76,0x20,0x3d,0x20,0x61,0x74,
    0x6c,0x61,0x73,0x5f,0x74,0x65,0x78,0x2e,0x53,0x61,0x6d,0x70,0x6c,0x65,0x28,0x61,
    0x74,0x6c,0x61,0x73,0x5f,0x73,0x6d,0x70,0x2c,0x20,0x75,0x76,0x29,0x2e,0x78,0x3b,
    0x0a,0x20,0x20,0x20,0x20,0x66,0x6c,0x6f,0x61,0x74,0x20,0x5f,0x36,0x30,0x20,0x3d,
    0x20,0x66,0x6c,0x6f,0x6f,0x72,0x28,0x6c,0x6f,0x63,0x61,0x6c,0x5f,0x70,0x78,0x2e,
    0x79,0x29,0x3b,0x0a,0x20,0x20,0x20,0x20,0x66,0x6c,0x6f,0x61,0x74,0x20,0x70,0x61,
    0x72,0x61,0x6d,0x5f,0x31,0x20,0x3d,0x20,0x31,0x2e,0x30,0x66,0x3b,0x0a,0x20,0x20,
    0x20,0x20,0x62,0x6f,0x6f,0x6c,0x20,0x5f,0x36,0x32,0x20,0x3d,0x20,0x66,0x6c,0x61,
    0x67,0x28,0x70,0x61,0x72,0x61,0x6d,0x5f,0x31,0x29,0x3b,0x0a,0x20,0x20,0x20,0x20,
    0x62,0x6f,0x6f,0x6c,0x20,0x5f,0x37,0x32,0x3b,0x0a,0x20,0x20,0x20,0x20,0x69,0x66,
    0x20,0x28,0x5f,0x36,0x32,0x29,0x0a,0x20,0x20,0x20,0x20,0x7b,0x0a,0x20,0x20,0x20,
    0x20,0x20,0x20,0x20,0x20,0x5f,0x37,0x32,0x20,0x3d,0x20,0x5f,0x36,0x30,0x20,0x3e,
    0x3d,0x20,0x76,0x5f,0x6c,0x69,0x6e,0x65,0x73,0x2e,0x78,0x3b,0x0a,0x20,0x20,0x20,
    0x20,0x7d,0x0a,0x20,0x20,0x20,0x20,0x65,0x6c,0x73,0x65,0x0a,0x20,0x20,0x20,0x20,
    0x7b,0x0a,0x20,0x20,0x20,0x20,0x20,0x20,0x20,0x20,0x5f,0x37,0x32,0x20,0x3d,0x20,
    0x5f,0x36,0x32,0x3b,0x0a,0x20,0x20,0x20,0x20,0x7d,0x0a,0x20,0x20,0x20,0x20,0x62,
    0x6f,0x6f,0x6c,0x20,0x5f,0x38,0x33,0x3b,0x0a,0x20,0x20,0x20,0x20,0x69,0x66,0x20,
    0x28,0x5f,0x37,0x32,0x29,0x0a,0x20,0x20,0x20,0x20,0x7b,0x0a,0x20,0x20,0x20,0x20,
    0x20,0x20,0x20,0x20,0x5f,0x38,0x33,0x20,0x3d,0x20,0x5f,0x36,0x30,0x20,0x3c,0x20,
    0x28,0x76,0x5f,0x6c,0x69,0x6e,0x65,0x73,0x2e,0x78,0x20,0x2b,0x20,0x76,0x5f,0x6c,
    0x69,0x6e,0x65,0x73,0x2e,0x7a,0x29,0x3b,0x0a,0x20,0x20,0x20,0x20,0x7d,0x0a,0x20,
    0x20,0x20,0x20,0x65,0x6c,0x73,0x65,0x0a,0x20,0x20,0x20,0x20,0x7b,0x0a,0x20,0x20,
    0x20,0x20,0x20,0x20,0x20,0x20,0x5f,0x38,0x33,0x20,0x3d,0x20,0x5f,0x37,0x32,0x3b,
    0x0a,0x20,0x20,0x20,0x20,0x7d,0x0a,0x20,0x20,0x20,0x20,0x69,0x66,0x20,0x28,0x5f,
    0x38,0x33,0x29,0x0a,0x20,0x20,0x20,0x20,0x7b,0x0a,0x20,0x20,0x20,0x20,0x20,0x20,
    0x20,0x20,0x63,0x6f,0x76,0x20,0x3d,0x20,0x31,0x2e,0x30,0x66,0x3b,0x0a,0x20,0x20,
    0x20,0x20,0x7d,0x0a,0x20,0x20,0x20,0x20,0x66,0x6c,0x6f,0x61,0x74,0x20,0x70,0x61,
    0x72,0x61,0x6d,0x5f,0x32,0x20,0x3d,0x20,0x32,0x2e,0x30,0x66,0x3b,0x0a,0x20,0x20,
    0x20,0x20,0x62,0x6f,0x6f,0x6c,0x20,0x5f,0x38,0x37,0x20,0x3d,0x20,0x66,0x6c,0x61,
    0x67,0x28,0x70,0x61,0x72,0x61,0x6d,0x5f,0x32,0x29,0x3b,0x0a,0x20,0x20,0x20,0x20,
    0x62,0x6f,0x6f,0x6c,0x20,0x5f,0x39,0x34,0x3b,0x0a,0x20,0x20,0x20,0x20,0x69,0x66,
    0x20,0x28,0x5f,0x38,0x37,0x29,0x0a,0x20,0x20,0x20,0x20,0x7b,0x0a,0x20,0x20,0x20,
    0x20,0x20,0x20,0x20,0x20,0x5f,0x39,0x34,0x20,0x3d,0x20,0x5f,0x36,0x30,0x20,0x3e,
    0x3d,0x20,0x76,0x5f,0x6c,0x69,0x6e,0x65,0x73,0x2e,0x79,0x3b,0x0a,0x20,0x20,0x20,
    0x20,0x7d,0x0a,0x20,0x20,0x20,0x20,0x65,0x6c,0x73,0x65,0x0a,0x20,0x20,0x20,0x20,
    0x7b,0x0a,0x20,0x20,0x20,0x20,0x20,0x20,0x20,0x20,0x5f,0x39,0x34,0x20,0x3d,0x20,
    0x5f,0x38,0x37,0x3b,0x0a,0x20,0x20,0x20,0x20,0x7d,0x0a,0x20,0x20,0x20,0x20,0x62,
    0x6f,0x6f,0x6c,0x20,0x5f,0x31,0x30,0x34,0x3b,0x0a,0x20,0x20,0x20,0x20,0x69,0x66,
    0x20,0x28,0x5f,0x39,0x34,0x29,0x0a,0x20,0x20,0x20,0x20,0x7b,0x0a,0x20,0x20,0x20,
    0x20,0x20,0x20,0x20,0x20,0x5f,0x31,0x30,0x34,0x20,0x3d,0x20,0x5f,0x36,0x30,0x20,
    0x3c,0x20,0x28,0x76,0x5f,0x6c,0x69,0x6e,0x65,0x73,0x2e,0x79,0x20,0x2b,0x20,0x76,
    0x5f,0x6c,0x69,0x6e,0x65,0x73,0x2e,0x7a,0x29,0x3b,0x0a,0x20,0x20,0x20,0x20,0x7d,
    0x0a,0x20,0x20,0x20,0x20,0x65,0x6c,0x73,0x65,0x0a,0x20,0x20,0x20,0x20,0x7b,0x0a,
    0x20,0x20,0x20,0x20,0x20,0x20,0x20,0x20,0x5f,0x31,0x30,0x34,0x20,0x3d,0x20,0x5f,
    0x39,0x34,0x3b,0x0a,0x20,0x20,0x20,0x20,0x7d,0x0a,0x20,0x20,0x20,0x20,0x69,0x66,
    0x20,0x28,0x5f,0x31,0x30,0x34,0x29,0x0a,0x20,0x20,0x20,0x20,0x7b,0x0a,0x20,0x20,
    0x20,0x20,0x20,0x20,0x20,0x20,0x63,0x6f,0x76,0x20,0x3d,0x20,0x31,0x2e,0x30,0x66,
    0x3b,0x0a,0x20,0x20,0x20,0x20,0x7d,0x0a,0x20,0x20,0x20,0x20,0x66,0x72,0x61,0x67,
    0x5f,0x63,0x6f,0x6c,0x6f,0x72,0x20,0x3d,0x20,0x6c,0x65,0x72,0x70,0x28,0x66,0x6c,
    0x6f,0x61,0x74,0x34,0x28,0x76,0x5f,0x62,0x67,0x2e,0x78,0x79,0x7a,0x20,0x2a,0x20,
    0x76,0x5f,0x62,0x67,0x2e,0x77,0x2c,0x20,0x76,0x5f,0x62,0x67,0x2e,0x77,0x29,0x2c,
    0x20,0x66,0x6c,0x6f,0x61,0x74,0x34,0x28,0x76,0x5f,0x66,0x67,0x2e,0x78,0x79,0x7a,
    0x20,0x2a,0x20,0x76,0x5f,0x66,0x67,0x2e,0x77,0x2c,0x20,0x76,0x5f,0x66,0x67,0x2e,
    0x77,0x29,0x2c,0x20,0x63,0x6f,0x76,0x2e,0x78,0x78,0x78,0x78,0x29,0x3b,0x0a,0x7d,
    0x0a,0x0a,0x53,0x50,0x49,0x52,0x56,0x5f,0x43,0x72,0x6f,0x73,0x73,0x5f,0x4f,0x75,
    0x74,0x70,0x75,0x74,0x20,0x6d,0x61,0x69,0x6e,0x28,0x53,0x50,0x49,0x52,0x56,0x5f,
    0x43,0x72,0x6f,0x73,0x73,0x5f,0x49,0x6e,0x70,0x75,0x74,0x20,0x73,0x74,0x61,0x67,
    0x65,0x5f,0x69,0x6e,0x70,0x75,0x74,0x29,0x0a,0x7b,0x0a,0x20,0x20,0x20,0x20,0x76,
    0x5f,0x66,0x6c,0x61,0x67,0x73,0x20,0x3d,0x20,0x73,0x74,0x61,0x67,0x65,0x5f,0x69,
    0x6e,0x70,0x75,0x74,0x2e,0x76,0x5f,0x66,0x6c,0x61,0x67,0x73,0x3b,0x0a,0x20,0x20,
    0x20,0x20,0x75,0x76,0x20,0x3d,0x20,0x73,0x74,0x61,0x67,0x65,0x5f,0x69,0x6e,0x70,
    0x75,0x74,0x2e,0x75,0x76,0x3b,0x0a,0x20,0x20,0x20,0x20,0x6c,0x6f,0x63,0x61,0x6c,
    0x5f,0x70,0x78,0x20,0x3d,0x20,0x73,0x74,0x61,0x67,0x65,0x5f,0x69,0x6e,0x70,0x75,
    0x74,0x2e,0x6c,0x6f,0x63,0x61,0x6c,0x5f,0x70,0x78,0x3b,0x0a,0x20,0x20,0x20,0x20,
    0x76,0x5f,0x6c,0x69,0x6e,0x65,0x73,0x20,0x3d,0x20,0x73,0x74,0x61,0x67,0x65,0x5f,
    0x69,0x6e,0x70,0x75,0x74,0x2e,0x76,0x5f,0x6c,0x69,0x6e,0x65,0x73,0x3b,0x0a,0x20,
    0x20,0x20,0x20,0x76,0x5f,0x62,0x67,0x20,0x3d,0x20,0x73,0x74,0x61,0x67,0x65,0x5f,
    0x69,0x6e,0x70,0x75,0x74,0x2e,0x76,0x5f,0x62,0x67,0x3b,0x0a,0x20,0x20,0x20,0x20,
    0x76,0x5f,0x66,0x67,0x20,0x3d,0x20,0x73,0x74,0x61,0x67,0x65,0x5f,0x69,0x6e,0x70,
    0x75,0x74,0x2e,0x76,0x5f,0x66,0x67,0x3b,0x0a,0x20,0x20,0x20,0x20,0x66,0x72,0x61,
    0x67,0x5f,0x6d,0x61,0x69,0x6e,0x28,0x29,0x3b,0x0a,0x20,0x20,0x20,0x20,0x53,0x50,
    0x49,0x52,0x56,0x5f,0x43,0x72,0x6f,0x73,0x73,0x5f,0x4f,0x75,0x74,0x70,0x75,0x74,
    0x20,0x73,0x74,0x61,0x67,0x65,0x5f,0x6f,0x75,0x74,0x70,0x75,0x74,0x3b,0x0a,0x20,
    0x20,0x20,0x20,0x73,0x74,0x61,0x67,0x65,0x5f,0x6f,0x75,0x74,0x70,0x75,0x74,0x2e,
    0x66,0x72,0x61,0x67,0x5f,0x63,0x6f,0x6c,0x6f,0x72,0x20,0x3d,0x20,0x66,0x72,0x61,
    0x67,0x5f,0x63,0x6f,0x6c,0x6f,0x72,0x3b,0x0a,0x20,0x20,0x20,0x20,0x72,0x65,0x74,
    0x75,0x72,0x6e,0x20,0x73,0x74,0x61,0x67,0x65,0x5f,0x6f,0x75,0x74,0x70,0x75,0x74,
    0x3b,0x0a,0x7d,0x0a,0x00,
};
/*
    #include <metal_stdlib>
    #include <simd/simd.h>

    using namespace metal;

    struct vs_params
    {
        float4 frame;
        float4 cell;
        float4 atlas;
        float4 lines;
    };

    struct main0_out
    {
        float2 uv [[user(locn0)]];
        float2 local_px [[user(locn1)]];
        float4 v_fg [[user(locn2)]];
        float4 v_bg [[user(locn3)]];
        float v_flags [[user(locn4)]];
        float3 v_lines [[user(locn5)]];
        float4 gl_Position [[position]];
    };

    struct main0_in
    {
        uint2 slot_flags [[attribute(0)]];
        float4 fg [[attribute(1)]];
        float4 bg [[attribute(2)]];
    };

    vertex main0_out main0(main0_in in [[stage_in]], constant vs_params& _52 [[buffer(0)]], uint gl_VertexIndex [[vertex_id]], uint gl_InstanceIndex [[instance_id]])
    {
        main0_out out = {};
        bool _25 = int(gl_VertexIndex) == 4;
        float2 _47 = float2(float(((int(gl_VertexIndex) == 1) || (int(gl_VertexIndex) == 3)) || _25), float(((int(gl_VertexIndex) == 2) || _25) || (int(gl_VertexIndex) == 5)));
        int _58 = int(_52.cell.z);
        float2 _85 = _52.frame.zw + ((float2(float(int(gl_InstanceIndex) % _58), float(int(gl_InstanceIndex) / _58)) + _47) * _52.cell.xy);
        out.gl_Position = float4(((_85.x / _52.frame.x) * 2.0) - 1.0, 1.0 - ((_85.y / _52.frame.y) * 2.0), 0.0, 1.0);
        int _122 = int(in.slot_flags.x);
        int _127 = int(_52.cell.w);
        out.uv = ((float2(float(_122 % _127), float(_122 / _127)) + _47) * _52.cell.xy) / _52.atlas.xy;
        out.local_px = _47 * _52.cell.xy;
        out.v_fg = in.fg;
        out.v_bg = in.bg;
        out.v_flags = float(in.slot_flags.y);
        out.v_lines = _52.lines.xyz;
        return out;
    }

*/
static const uint8_t ui_grid_vs_source_metal_macos[1585] = {
    0x23,0x69,0x6e,0x63,0x6c,0x75,0x64,0x65,0x20,0x3c,0x6d,0x65,0x74,0x61,0x6c,0x5f,
    0x73,0x74,0x64,0x6c,0x69,0x62,0x3e,0x0a,0x23,0x69,0x6e,0x63,0x6c,0x75,0x64,0x65,
    0x20,0x3c,0x73,0x69,0x6d,0x64,0x2f,0x73,0x69,0x6d,0x64,0x2e,0x68,0x3e,0x0a,0x0a,
    0x75,0x73,0x69,0x6e,0x67,0x20,0x6e,0x61,0x6d,0x65,0x73,0x70,0x61,0x63,0x65,0x20,
    0x6d,0x65,0x74,0x61,0x6c,0x3b,0x0a,0x0a,0x73,0x74,0x72,0x75,0x63,0x74,0x20,0x76,
    0x73,0x5f,0x70,0x61,0x72,0x61,0x6d,0x73,0x0a,0x7b,0x0a,0x20,0x20,0x20,0x20,0x66,
    0x6c,0x6f,0x61,0x74,0x34,0x20,0x66,0x72,0x61,0x6d,0x65,0x3b,0x0a,0x20,0x20,0x20,
    0x20,0x66,0x6c,0x6f,0x61,0x74,0x34,0x20,0x63,0x65,0x6c,0x6c,0x3b,0x0a,0x20,0x20,
    0x20,0x20,0x66,0x6c,0x6f,0x61,0x74,0x34,0x20,0x61,0x74,0x6c,0x61,0x73,0x3b,0x0a,
    0x20,0x20,0x20,0x20,0x66,0x6c,0x6f,0x61,0x74,0x34,0x20,0x6c,0x69,0x6e,0x65,0x73,
    0x3b,0x0a,0x7d,0x3b,0x0a,0x0a,0x73,0x74,0x72,0x75,0x63,0x74,0x20,0x6d,0x61,0x69,
    0x6e,0x30,0x5f,0x6f,0x75,0x74,0x0a,0x7b,0x0a,0x20,0x20,0x20,0x20,0x66,0x6c,0x6f,
    0x61,0x74,0x32,0x20,0x75,0x76,0x20,0x5b,0x5b,0x75,0x73,0x65,0x72,0x28,0x6c,0x6f,
    0x63,0x6e,0x30,0x29,0x5d,0x5d,0x3b,0x0a,0x20,0x20,0x20,0x20,0x66,0x6c,0x6f,0x61,
    0x74,0x32,0x20,0x6c,0x6f,0x63,0x61,0x6c,0x5f,0x70,0x78,0x20,0x5b,0x5b,0x75,0x73,
    0x65,0x72,0x28,0x6c,0x6f,0x63,0x6e,0x31,0x29,0x5d,0x5d,0x3b,0x0a,0x20,0x20,0x20,
    0x20,0x66,0x6c,0x6f,0x61,0x74,0x34,0x20,0x76,0x5f,0x66,0x67,0x20,0x5b,0x5b,0x75,
    0x73,0x65,0x72,0x28,0x6c,0x6f,0x63,0x6e,0x32,0x29,0x5d,0x5d,0x3b,0x0a,0x20,0x20,
    0x20,0x20,0x66,0x6c,0x6f,0x61,0x74,0x34,0x20,0x76,0x5f,0x62,0x67,0x20,0x5b,0x5b,
    0x75,0x73,0x65,0x72,0x28,0x6c,0x6f,0x63,0x6e,0x33,0x29,0x5d,0x5d,0x3b,0x0a,0x20,
    0x20,0x20,0x20,0x66,0x6c,0x6f,0x61,0x74,0x20,0x76,0x5f,0x66,0x6c,0x61,0x67,0x73,
    0x20,0x5b,0x5b,0x75,0x73,0x65,0x72,0x28,0x6c,0x6f,0x63,0x6e,0x34,0x29,0x5d,0x5d,
    0x3b,0x0a,0x20,0x20,0x20,0x20,0x66,0x6c,0x6f,0x61,0x74,0x33,0x20,0x76,0x5f,0x6c,
    0x69,0x6e,0x65,0x73,0x20,0x5b,0x5b,0x75,0x73,0x65,0x72,0x28,0x6c,0x6f,0x63,0x6e,
    0x35,0x29,0x5d,0x5d,0x3b,0x0a,0x20,0x20,0x20,0x20,0x66,0x6c,0x6f,0x61,0x74,0x34,
    0x20,0x67,0x6c,0x5f,0x50,0x6f,0x73,0x69,0x74,0x69,0x6f,0x6e,0x20,0x5b,0x5b,0x70,
    0x6f,0x73,0x69,0x74,0x69,0x6f,0x6e,0x5d,0x5d,0x3b,0x0a,0x7d,0x3b,0x0a,0x0a,0x73,
    0x74,0x72,0x75,0x63,0x74,0x20,0x6d,0x61,0x69,0x6e,0x30,0x5f,0x69,0x6e,0x0a,0x7b,
    0x0a,0x20,0x20,0x20,0x20,0x75,0x69,0x6e,0x74,0x32,0x20,0x73,0x6c,0x6f,0x74,0x5f,
    0x66,0x6c,0x61,0x67,0x73,0x20,0x5b,0x5b,0x61,0x74,0x74,0x72,0x69,0x62,0x75,0x74,
    0x65,0x28,0x30,0x29,0x5d,0x5d,0x3b,0x0a,0x20,0x20,0x20,0x20,0x66,0x6c,0x6f,0x61,
    0x74,0x34,0x20,0x66,0x67,0x20,0x5b,0x5b,0x61,0x74,0x74,0x72,0x69,0x62,0x75,0x74,
    0x65,0x28,0x31,0x29,0x5d,0x5d,0x3b,0x0a,0x20,0x20,0x20,0x20,0x66,0x6c,0x6f,0x61,
    0x74,0x34,0x20,0x62,0x67,0x20,0x5b,0x5b,0x61,0x74,0x74,0x72,0x69,0x62,0x75,0x74,
    0x65,0x28,0x32,0x29,0x5d,0x5d,0x3b,0x0a,0x7d,0x3b,0x0a,0x0a,0x76,0x65,0x72,0x74,
    0x65,0x78,0x20,0x6d,0x61,0x69,0x6e,0x30,0x5f,0x6f,0x75,0x74,0x20,0x6d,0x61,0x69,
    0x6e,0x30,0x28,0x6d,0x61,0x69,0x6e,0x30,0x5f,0x69,0x6e,0x20,0x69,0x6e,0x20,0x5b,
    0x5b,0x73,0x74,0x61,0x67,0x65,0x5f,0x69,0x6e,0x5d,0x5d,0x2c,0x20,0x63,0x6f,0x6e,
    0x73,0x74,0x61,0x6e,0x74,0x20,0x76,0x73,0x5f,0x70,0x61,0x72,0x61,0x6d,0x73,0x26,
    0x20,0x5f,0x35,0x32,0x20,0x5b,0x5b,0x62,0x75,0x66,0x66,0x65,0x72,0x28,0x30,0x29,
    0x5d,0x5d,0x2c,0x20,0x75,0x69,0x6e,0x74,0x20,0x67,0x6c,0x5f,0x56,0x65,0x72,0x74,
    0x65,0x78,0x49,0x6e,0x64,0x65,0x78,0x20,0x5b,0x5b,0x76,0x65,0x72,0x74,0x65,0x78,
    0x5f,0x69,0x64,0x5d,0x5d,0x2c,0x20,0x75,0x69,0x6e,0x74,0x20,0x67,0x6c,0x5f,0x49,
    0x6e,0x73,0x74,0x61,0x6e,0x63,0x65,0x49,0x6e,0x64,0x65,0x78,0x20,0x5b,0x5b,0x69,
    0x6e,0x73,0x74,0x61,0x6e,0x63,0x65,0x5f,0x69,0x64,0x5d,0x5d,0x29,0x0a,0x7b,0x0a,
    0x20,0x20,0x20,0x20,0x6d,0x61,0x69,0x6e,0x30,0x5f,0x6f,0x75,0x74,0x20,0x6f,0x75,
    0x74,0x20,0x3d,0x20,0x7b,0x7d,0x3b,0x0a,0x20,0x20,0x20,0x20,0x62,0x6f,0x6f,0x6c,
    0x20,0x5f,0x32,0x35,0x20,0x3d,0x20,0x69,0x6e,0x74,0x28,0x67,0x6c,0x5f,0x56,0x65,
    0x72,0x74,0x65,0x78,0x49,0x6e,0x64,0x65,0x78,0x29,0x20,0x3d,0x3d,0x20,0x34,0x3b,
    0x0a,0x20,0x20,0x20,0x20,0x66,0x6c,0x6f,0x61,0x74,0x32,0x20,0x5f,0x34,0x37,0x20,
    0x3d,0x20,0x66,0x6c,0x6f,0x61,0x74,0x32,0x28,0x66,0x6c,0x6f,0x61,0x74,0x28,0x28,
    0x28,0x69,0x6e,0x74,0x28,0x67,0x6c,0x5f,0x56,0x65,0x72,0x74,0x65,0x78,0x49,0x6e,
    0x64,0x65,0x78,0x29,0x20,0x3d,0x3d,0x20,0x31,0x29,0x20,0x7c,0x7c,0x20,0x28,0x69,
    0x6e,0x74,0x28,0x67,0x6c,0x5f,0x56,0x65,0x72,0x74,0x65,0x78,0x49,0x6e,0x64,0x65,
    0x78,0x29,0x20,0x3d,0x3d,0x20,0x33,0x29,0x29,0x20,0x7c,0x7c,0x20,0x5f,0x32,0x35,
    0x29,0x2c,0x20,0x66,0x6c,0x6f,0x61,0x74,0x28,0x28,0x28,0x69,0x6e,0x74,0x28,0x67,
    0x6c,0x5f,0x56,0x65,0x72,0x74,0x65,0x78,0x49,0x6e,0x64,0x65,0x78,0x29,0x20,0x3d,
    0x3d,0x20,0x32,0x29,0x20,0x7c,0x7c,0x20,0x5f,0x32,0x35,0x29,0x20,0x7c,0x7c,0x20,
    0x28,0x69,0x6e,0x74,0x28,0x67,0x6c,0x5f,0x56,0x65,0x72,0x74,0x65,0x78,0x49,0x6e,
    0x64,0x65,0x78,0x29,0x20,0x3d,0x3d,0x20,0x35,0x29,0x29,0x29,0x3b,0x0a,0x20,0x20,
    0x20,0x20,0x69,0x6e,0x74,0x20,0x5f,0x35,0x38,0x20,0x3d,0x20,0x69,0x6e,0x74,0x28,
    0x5f,0x35,0x32,0x2e,0x63,0x65,0x6c,0x6c,0x2e,0x7a,0x29,0x3b,0x0a,0x20,0x20,0x20,
    0x20,0x66,0x6c,0x6f,0x61,0x74,0x32,0x20,0x5f,0x38,0x35,0x20,0x3d,0x20,0x5f,0x35,
    0x32,0x2e,0x66,0x72,0x61,0x6d,0x65,0x2e,0x7a,0x77,0x20,0x2b,0x20,0x28,0x28,0x66,
    0x6c,0x6f,0x61,0x74,0x32,0x28,0x66,0x6c,0x6f,0x61,0x74,0x28,0x69,0x6e,0x74,0x28,
    0x67,0x6c,0x5f,0x49,0x6e,0x73,0x74,0x61,0x6e,0x63,0x65,0x49,0x6e,0x64,0x65,0x78,
    0x29,0x20,0x25,0x20,0x5f,0x35,0x38,0x29,0x2c,0x20,0x66,0x6c,0x6f,0x61,0x74,0x28,
    0x69,0x6e,0x74,0x28,0x67,0x6c,0x5f,0x49,0x6e,0x73,0x74,0x61,0x6e,0x63,0x65,0x49,
    0x6e,0x64,0x65,0x78,0x29,0x20,0x2f,0x20,0x5f,0x35,0x38,0x29,0x29,0x20,0x2b,0x20,
    0x5f,0x34,0x37,0x29,0x20,0x2a,0x20,0x5f,0x35,0x32,0x2e,0x63,0x65,0x6c,0x6c,0x2e,
    0x78,0x79,0x29,0x3b,0x0a,0x20,0x20,0x20,0x20,0x6f,0x75,0x74,0x2e,0x67,0x6c,0x5f,
    0x50,0x6f,0x73,0x69,0x74,0x69,0x6f,0x6e,0x20,0x3d,0x20,0x66,0x6c,0x6f,0x61,0x74,
    0x34,0x28,0x28,0x28,0x5f,0x38,0x35,0x2e,0x78,0x20,0x2f,0x20,0x5f,0x35,0x32,0x2e,
    0x66,0x72,0x61,0x6d,0x65,0x2e,0x78,0x29,0x20,0x2a,0x20,0x32,0x2e,0x30,0x29,0x20,
    0x2d,0x20,0x31,0x2e,0x30,0x2c,0x20,0x31,0x2e,0x30,0x20,0x2d,0x20,0x28,0x28,0x5f,
    0x38,0x35,0x2e,0x79,0x20,0x2f,0x20,0x5f,0x35,0x32,0x2e,0x66,0x72,0x61,0x6d,0x65,
    0x2e,0x79,0x29,0x20,0x2a,0x20,0x32,0x2e,0x30,0x29,0x2c,0x20,0x30,0x2e,0x30,0x2c,
    0x20,0x31,0x2e,0x30,0x29,0x3b,0x0a,0x20,0x20,0x20,0x20,0x69,0x6e,0x74,0x20,0x5f,
    0x31,0x32,0x32,0x20,0x3d,0x20,0x69,0x6e,0x74,0x28,0x69,0x6e,0x2e,0x73,0x6c,0x6f,
    0x74,0x5f,0x66,0x6c,0x61,0x67,0x73,0x2e,0x78,0x29,0x3b,0x0a,0x20,0x20,0x20,0x20,
    0x69,0x6e,0x74,0x20,0x5f,0x31,0x32,0x37,0x20,0x3d,0x20,0x69,0x6e,0x74,0x28,0x5f,
    0x35,0x32,0x2e,0x63,0x65,0x6c,0x6c,0x2e,0x77,0x29,0x3b,0x0a,0x20,0x20,0x20,0x20,
    0x6f,0x75,0x74,0x2e,0x75,0x76,0x20,0x3d,0x20,0x28,0x28,0x66,0x6c,0x6f,0x61,0x74,
    0x32,0x28,0x66,0x6c,0x6f,0x61,0x74,0x28,0x5f,0x31,0x32,0x32,0x20,0x25,0x20,0x5f,
    0x31,0x32,0x37,0x29,0x2c,0x20,0x66,0x6c,0x6f,0x61,0x74,0x28,0x5f,0x31,0x32,0x32,
    0x20,0x2f,0x20,0x5f,0x31,0x32,0x37,0x29,0x29,0x20,0x2b,0x20,0x5f,0x34,0x37,0x29,
    0x20,0x2a,0x20,0x5f,0x35,0x32,0x2e,0x63,0x65,0x6c,0x6c,0x2e,0x78,0x79,0x29,0x20,
    0x2f,0x20,0x5f,0x35,0x32,0x2e,0x61,0x74,0x6c,0x61,0x73,0x2e,0x78,0x79,0x3b,0x0a,
    0x20,0x20,0x20,0x20,0x6f,0x75,0x74,0x2e,0x6c,0x6f,0x63,0x61,0x6c,0x5f,0x70,0x78,
    0x20,0x3d,0x20,0x5f,0x34,0x37,0x20,0x2a,0x20,0x5f,0x35,0x32,0x2e,0x63,0x65,0x6c,
    0x6c,0x2e,0x78,0x79,0x3b,0x0a,0x20,0x20,0x20,0x20,0x6f,0x75,0x74,0x2e,0x76,0x5f,
    0x66,0x67,0x20,0x3d,0x20,0x69,0x6e,0x2e,0x66,0x67,0x3b,0x0a,0x20,0x20,0x20,0x20,
    0x6f,0x75,0x74,0x2e,0x76,0x5f,0x62,0x67,0x20,0x3d,0x20,0x69,0x6e,0x2e,0x62,0x67,
    0x3b,0x0a,0x20,0x20,0x20,0x20,0x6f,0x75,0x74,0x2e,0x76,0x5f,0x66,0x6c,0x61,0x67,
    0x73,0x20,0x3d,0x20,0x66,0x6c,0x6f,0x61,0x74,0x28,0x69,0x6e,0x2e,0x73,0x6c,0x6f,
    0x74,0x5f,0x66,0x6c,0x61,0x67,0x73,0x2e,0x79,0x29,0x3b,0x0a,0x20,0x20,0x20,0x20,
    0x6f,0x75,0x74,0x2e,0x76,0x5f,0x6c,0x69,0x6e,0x65,0x73,0x20,0x3d,0x20,0x5f,0x35,
    0x32,0x2e,0x6c,0x69,0x6e,0x65,0x73,0x2e,0x78,0x79,0x7a,0x3b,0x0a,0x20,0x20,0x20,
    0x20,0x72,0x65,0x74,0x75,0x72,0x6e,0x20,0x6f,0x75,0x74,0x3b,0x0a,0x7d,0x0a,0x0a,
    0x00,
};
/*
    #pragma clang diagnostic ignored "-Wmissing-prototypes"

    #include <metal_stdlib>
    #include <simd/simd.h>

    using namespace metal;

    // Implementation of the GLSL mod() function, which is slightly different than Metal fmod()
    template<typename Tx, typename Ty>
    inline Tx mod(Tx x, Ty y)
    {
        return x - y * floor(x / y);
    }

    struct main0_out
    {
        float4 frag_color [[color(0)]];
    };

    struct main0_in
    {
        float2 uv [[user(locn0)]];
        float2 local_px [[user(locn1)]];
        float4 v_fg [[user(locn2)]];
        float4 v_bg [[user(locn3)]];
        float v_flags [[user(locn4)]];
        float3 v_lines [[user(locn5)]];
    };

    static inline __attribute__((always_inline))
    bool flag(thread const float& b, thread float& v_flags)
    {
        return mod(floor(v_flags / b), 2.0) >= 1.0;
    }

    fragment main0_out main0(main0_in in [[stage_in]], texture2d<float> atlas_tex [[texture(0)]], sampler atlas_smp [[sampler(0)]])
    {
        main0_out out = {};
        float param = 16.0;
        if (flag(param, in.v_flags))
        {
            out.frag_color = float4(0.0);
            return out;
        }
        float cov = atlas_tex.sample(atlas_smp, in.uv).x;
        float _60 = floor(in.local_px.y);
        float param_1 = 1.0;
        bool _62 = flag(param_1, in.v_flags);
        bool _72;
        if (_62)
        {
            _72 = _60 >= in.v_lines.x;
        }
        else
        {
            _72 = _62;
        }
        bool _83;
        if (_72)
        {
            _83 = _60 < (in.v_lines.x + in.v_lines.z);
        }
        else
        {
            _83 = _72;
        }
        if (_83)
        {
            cov = 1.0;
        }
        float param_2 = 2.0;
        bool _87 = flag(param_2, in.v_flags);
        bool _94;
        if (_87)
        {
            _94 = _60 >= in.v_lines.y;
        }
        else
        {
            _94 = _87;
        }
        bool _104;
        if (_94)
        {
            _104 = _60 < (in.v_lines.y + in.v_lines.z);
        }
        else
        {
            _104 = _94;
        }
        if (_104)
        {
            cov = 1.0;
        }
        out.frag_color = mix(float4(in.v_bg.xyz * in.v_bg.w, in.v_bg.w), float4(in.v_fg.xyz * in.v_fg.w, in.v_fg.w), float4(cov));
        return out;
    }

*/
static const uint8_t ui_grid_fs_source_metal_macos[1994] = {
    0x23,0x70,0x72,0x61,0x67,0x6d,0x61,0x20,0x63,0x6c,0x61,0x6e,0x67,0x20,0x64,0x69,
    0x61,0x67,0x6e,0x6f,0x73,0x74,0x69,0x63,0x20,0x69,0x67,0x6e,0x6f,0x72,0x65,0x64,
    0x20,0x22,0x2d,0x57,0x6d,0x69,0x73,0x73,0x69,0x6e,0x67,0x2d,0x70,0x72,0x6f,0x74,
    0x6f,0x74,0x79,0x70,0x65,0x73,0x22,0x0a,0x0a,0x23,0x69,0x6e,0x63,0x6c,0x75,0x64,
    0x65,0x20,0x3c,0x6d,0x65,0x74,0x61,0x6c,0x5f,0x73,0x74,0x64,0x6c,0x69,0x62,0x3e,
    0x0a,0x23,0x69,0x6e,0x63,0x6c,0x75,0x64,0x65,0x20,0x3c,0x73,0x69,0x6d,0x64,0x2f,
    0x73,0x69,0x6d,0x64,0x2e,0x68,0x3e,0x0a,0x0a,0x75,0x73,0x69,0x6e,0x67,0x20,0x6e,
    0x61,0x6d,0x65,0x73,0x70,0x61,0x63,0x65,0x20,0x6d,0x65,0x74,0x61,0x6c,0x3b,0x0a,
    0x0a,0x2f,0x2f,0x20,0x49,0x6d,0x70,0x6c,0x65,0x6d,0x65,0x6e,0x74,0x61,0x74,0x69,
    0x6f,0x6e,0x20,0x6f,0x66,0x20,0x74,0x68,0x65,0x20,0x47,0x4c,0x53,0x4c,0x20,0x6d,
    0x6f,0x64,0x28,0x29,0x20,0x66,0x75,0x6e,0x63,0x74,0x69,0x6f,0x6e,0x2c,0x20,0x77,
    0x68,0x69,0x63,0x68,0x20,0x69,0x73,0x20,0x73,0x6c,0x69,0x67,0x68,0x74,0x6c,0x79,
    0x20,0x64,0x69,0x66,0x66,0x65,0x72,0x65,0x6e,0x74,0x20,0x74,0x68,0x61,0x6e,0x20,
    0x4d,0x65,0x74,0x61,0x6c,0x20,0x66,0x6d,0x6f,0x64,0x28,0x29,0x0a,0x74,0x65,0x6d,
    0x70,0x6c,0x61,0x74,0x65,0x3c,0x74,0x79,0x70,0x65,0x6e,0x61,0x6d,0x65,0x20,0x54,
    0x78,0x2c,0x20,0x74,0x79,0x70,0x65,0x6e,0x61,0x6d,0x65,0x20,0x54,0x79,0x3e,0x0a,
    0x69,0x6e,0x6c,0x69,0x6e,0x65,0x20,0x54,0x78,0x20,0x6d,0x6f,0x64,0x28,0x54,0x78,
    0x20,0x78,0x2c,0x20,0x54,0x79,0x20,0x79,0x29,0x0a,0x7b,0x0a,0x20,0x20,0x20,0x20,
    0x72,0x65,0x74,0x75,0x72,0x6e,0x20,0x78,0x20,0x2d,0x20,0x79,0x20,0x2a,0x20,0x66,
    0x6c,0x6f,0x6f,0x72,0x28,0x78,0x20,0x2f,0x20,0x79,0x29,0x3b,0x0a,0x7d,0x0a,0x0a,
    0x73,0x74,0x72,0x75,0x63,0x74,0x20,0x6d,0x61,0x69,0x6e,0x30,0x5f,0x6f,0x75,0x74,
    0x0a,0x7b,0x0a,0x20,0x20,0x20,0x20,0x66,0x6c,0x6f,0x61,0x74,0x34,0x20,0x66,0x72,
    0x61,0x67,0x5f,0x63,0x6f,0x6c,0x6f,0x72,0x20,0x5b,0x5b,0x63,0x6f,0x6c,0x6f,0x72,
    0x28,0x30,0x29,0x5d,0x5d,0x3b,0x0a,0x7d,0x3b,0x0a,0x0a,0x73,0x74,0x72,0x75,0x63,
    0x74,0x20,0x6d,0x61,0x69,0x6e,0x30,0x5f,0x69,0x6e,0x0a,0x7b,0x0a,0x20,0x20,0x20,
    0x20,0x66,0x6c,0x6f,0x61,0x74,0x32,0x20,0x75,0x76,0x20,0x5b,0x5b,0x75,0x73,0x65,
    0x72,0x28,0x6c,0x6f,0x63,0x6e,0x30,0x29,0x5d,0x5d,0x3b,0x0a,0x20,0x20,0x20,0x20,
    0x66,0x6c,0x6f,0x61,0x74,0x32,0x20,0x6c,0x6f,0x63,0x61,0x6c,0x5f,0x70,0x78,0x20,
    0x5b,0x5b,0x75,0x73,0x65,0x72,0x28,0x6c,0x6f,0x63,0x6e,0x31,0x29,0x5d,0x5d,0x3b,
    0x0a,0x20,0x20,0x20,0x20,0x66,0x6c,0x6f,0x61,0x74,0x34,0x20,0x76,0x5f,0x66,0x67,
    0x20,0x5b,0x5b,0x75,0x73,0x65,0x72,0x28,0x6c,0x6f,0x63,0x6e,0x32,0x29,0x5d,0x5d,
    0x3b,0x0a,0x20,0x20,0x20,0x20,0x66,0x6c,0x6f,0x61,0x74,0x34,0x20,0x76,0x5f,0x62,
    0x67,0x20,0x5b,0x5b,0x75,0x73,0x65,0x72,0x28,0x6c,0x6f,0x63,0x6e,0x33,0x29,0x5d,
    0x5d,0x3b,0x0a,0x20,0x20,0x20,0x20,0x66,0x6c,0x6f,0x61,0x74,0x20,0x76,0x5f,0x66,
    0x6c,0x61,0x67,0x73,0x20,0x5b,0x5b,0x75,0x73,0x65,0x72,0x28,0x6c,0x6f,0x63,0x6e,
    0x34,0x29,0x5d,0x5d,0x3b,0x0a,0x20,0x20,0x20,0x20,0x66,0x6c,0x6f,0x61,0x74,0x33,
    0x20,0x76,0x5f,0x6c,0x69,0x6e,0x65,0x73,0x20,0x5b,0x5b,0x75,0x73,0x65,0x72,0x28,
    0x6c,0x6f,0x63,0x6e,0x35,0x29,0x5d,0x5d,0x3b,0x0a,0x7d,0x3b,0x0a,0x0a,0x73,0x74,
    0x61,0x74,0x69,0x63,0x20,0x69,0x6e,0x6c,0x69,0x6e,0x65,0x20,0x5f,0x5f,0x61,0x74,
    0x74,0x72,0x69,0x62,0x75,0x74,0x65,0x5f,0x5f,0x28,0x28,0x61,0x6c,0x77,0x61,0x79,
    0x73,0x5f,0x69,0x6e,0x6c,0x69,0x6e,0x65,0x29,0x29,0x0a,0x62,0x6f,0x6f,0x6c,0x20,
    0x66,0x6c,0x61,0x67,0x28,0x74,0x68,0x72,0x65,0x61,0x64,0x20,0x63,0x6f,0x6e,0x73,
    0x74,0x20,0x66,0x6c,0x6f,0x61,0x74,0x26,0x20,0x62,0x2c,0x20,0x74,0x68,0x72,0x65,
    0x61,0x64,0x20,0x66,0x6c,0x6f,0x61,0x74,0x26,0x20,0x76,0x5f,0x66,0x6c,0x61,0x67,
    0x73,0x29,0x0a,0x7b,0x0a,0x20,0x20,0x20,0x20,0x72,0x65,0x74,0x75,0x72,0x6e,0x20,
    0x6d,0x6f,0x64,0x28,0x66,0x6c,0x6f,0x6f,0x72,0x28,0x76,0x5f,0x66,0x6c,0x61,0x67,
    0x73,0x20,0x2f,0x20,0x62,0x29,0x2c,0x20,0x32,0x2e,0x30,0x29,0x20,0x3e,0x3d,0x20,
    0x31,0x2e,0x30,0x3b,0x0a,0x7d,0x0a,0x0a,0x66,0x72,0x61,0x67,0x6d,0x65,0x6e,0x74,
    0x20,0x6d,0x61,0x69,0x6e,0x30,0x5f,0x6f,0x75,0x74,0x20,0x6d,0x61,0x69,0x6e,0x30,
    0x28,0x6d,0x61,0x69,0x6e,0x30,0x5f,0x69,0x6e,0x20,0x69,0x6e,0x20,0x5b,0x5b,0x73,
    0x74,0x61,0x67,0x65,0x5f,0x69,0x6e,0x5d,0x5d,0x2c,0x20,0x74,0x65,0x78,0x74,0x75,
    0x72,0x65,0x32,0x64,0x3c,0x66,0x6c,0x6f,0x61,0x74,0x3e,0x20,0x61,0x74,0x6c,0x61,
    0x73,0x5f,0x74,0x65,0x78,0x20,0x5b,0x5b,0x74,0x65,0x78,0x74,0x75,0x72,0x65,0x28,
    0x30,0x29,0x5d,0x5d,0x2c,0x20,0x73,0x61,0x6d,0x70,0x6c,0x65,0x72,0x20,0x61,0x74,
    0x6c,0x61,0x73,0x5f,0x73,0x6d,0x70,0x20,0x5b,0x5b,0x73,0x61,0x6d,0x70,0x6c,0x65,
    0x72,0x28,0x30,0x29,0x5d,0x5d,0x29,0x0a,0x7b,0x0a,0x20,0x20,0x20,0x20,0x6d,0x61,
    0x69,0x6e,0x30,0x5f,0x6f,0x75,0x74,0x20,0x6f,0x75,0x74,0x20,0x3d,0x20,0x7b,0x7d,
    0x3b,0x0a,0x20,0x20,0x20,0x20,0x66,0x6c,0x6f,0x61,0x74,0x20,0x70,0x61,0x72,0x61,
    0x6d,0x20,0x3d,0x20,0x31,0x36,0x2e,0x30,0x3b,0x0a,0x20,0x20,0x20,0x20,0x69,0x66,
    0x20,0x28,0x66,0x6c,0x61,0x67,0x28,0x70,0x61,0x72,0x61,0x6d,0x2c,0x20,0x69,0x6e,
    0x2e,0x76,0x5f,0x66,0x6c,0x61,0x67,0x73,0x29,0x29,0x0a,0x20,0x20,0x20,0x20,0x7b,
    0x0a,0x20,0x20,0x20,0x20,0x20,0x20,0x20,0x20,0x6f,0x75,0x74,0x2e,0x66,0x72,0x61,
    0x67,0x5f,0x63,0x6f,0x6c,0x6f,0x72,0x20,0x3d,0x20,0x66,0x6c,0x6f,0x61,0x74,0x34,
    0x28,0x30,0x2e,0x30,0x29,0x3b,0x0a,0x20,0x20,0x20,0x20,0x20,0x20,0x20,0x20,0x72,
    0x65,0x74,0x75,0x72,0x6e,0x20,0x6f,0x75,0x74,0x3b,0x0a,0x20,0x20,0x20,0x20,0x7d,
    0x0a,0x20,0x20,0x20,0x20,0x66,0x6c,0x6f,0x61,0x74,0x20,0x63,0x6f,0x76,0x20,0x3d,
    0x20,0x61,0x74,0x6c,0x61,0x73,0x5f,0x74,0x65,0x78,0x2e,0x73,0x61,0x6d,0x70,0x6c,
    0x65,0x28,0x61,0x74,0x6c,0x61,0x73,0x5f,0x73,0x6d,0x70,0x2c,0x20,0x69,0x6e,0x2e,
    0x75,0x76,0x29,0x2e,0x78,0x3b,0x0a,0x20,0x20,0x20,0x20,0x66,0x6c,0x6f,0x61,0x74,
    0x20,0x5f,0x36,0x30,0x20,0x3d,0x20,0x66,0x6c,0x6f,0x6f,0x72,0x28,0x69,0x6e,0x2e,
    0x6c,0x6f,0x63,0x61,0x6c,0x5f,0x70,0x78,0x2e,0x79,0x29,0x3b,0x0a,0x20,0x20,0x20,
    0x20,0x66,0x6c,0x6f,0x61,0x74,0x20,0x70,0x61,0x72,0x61,0x6d,0x5f,0x31,0x20,0x3d,
    0x20,0x31,0x2e,0x30,0x3b,0x0a,0x20,0x20,0x20,0x20,0x62,0x6f,0x6f,0x6c,0x20,0x5f,
    0x36,0x32,0x20,0x3d,0x20,0x66,0x6c,0x61,0x67,0x28,0x70,0x61,0x72,0x61,0x6d,0x5f,
    0x31,0x2c,0x20,0x69,0x6e,0x2e,0x76,0x5f,0x66,0x6c,0x61,0x67,0x73,0x29,0x3b,0x0a,
    0x20,0x20,0x20,0x20,0x62,0x6f,0x6f,0x6c,0x20,0x5f,0x37,0x32,0x3b,0x0a,0x20,0x20,
    0x20,0x20,0x69,0x66,0x20,0x28,0x5f,0x36,0x32,0x29,0x0a,0x20,0x20,0x20,0x20,0x7b,
    0x0a,0x20,0x20,0x20,0x20,0x20,0x20,0x20,0x20,0x5f,0x37,0x32,0x20,0x3d,0x20,0x5f,
    0x36,0x30,0x20,0x3e,0x3d,0x20,0x69,0x6e,0x2e,0x76,0x5f,0x6c,0x69,0x6e,0x65,0x73,
    0x2e,0x78,0x3b,0x0a,0x20,0x20,0x20,0x20,0x7d,0x0a,0x20,0x20,0x20,0x20,0x65,0x6c,
    0x73,0x65,0x0a,0x20,0x20,0x20,0x20,0x7b,0x0a,0x20,0x20,0x20,0x20,0x20,0x20,0x20,
    0x20,0x5f,0x37,0x32,0x20,0x3d,0x20,0x5f,0x36,0x32,0x3b,0x0a,0x20,0x20,0x20,0x20,
    0x7d,0x0a,0x20,0x20,0x20,0x20,0x62,0x6f,0x6f,0x6c,0x20,0x5f,0x38,0x33,0x3b,0x0a,
    0x20,0x20,0x20,0x20,0x69,0x66,0x20,0x28,0x5f,0x37,0x32,0x29,0x0a,0x20,0x20,0x20,
    0x20,0x7b,0x0a,0x20,0x20,0x20,0x20,0x20,0x20,0x20,0x20,0x5f,0x38,0x33,0x20,0x3d,
    0x20,0x5f,0x36,0x30,0x20,0x3c,0x20,0x28,0x69,0x6e,0x2e,0x76,0x5f,0x6c,0x69,0x6e,
    0x65,0x73,0x2e,0x78,0x20,0x2b,0x20,0x69,0x6e,0x2e,0x76,0x5f,0x6c,0x69,0x6e,0x65,
    0x73,0x2e,0x7a,0x29,0x3b,0x0a,0x20,0x20,0x20,0x20,0x7d,0x0a,0x20,0x20,0x20,0x20,
    0x65,0x6c,0x73,0x65,0x0a,0x20,0x20,0x20,0x20,0x7b,0x0a,0x20,0x20,0x20,0x20,0x20,
    0x20,0x20,0x20,0x5f,0x38,0x33,0x20,0x3d,0x20,0x5f,0x37,0x32,0x3b,0x0a,0x20,0x20,
    0x20,0x20,0x7d,0x0a,0x20,0x20,0x20,0x20,0x69,0x66,0x20,0x28,0x5f,0x38,0x33,0x29,
    0x0a,0x20,0x20,0x20,0x20,0x7b,0x0a,0x20,0x20,0x20,0x20,0x20,0x20,0x20,0x20,0x63,
    0x6f,0x76,0x20,0x3d,0x20,0x31,0x2e,0x30,0x3b,0x0a,0x20,0x20,0x20,0x20,0x7d,0x0a,
    0x20,0x20,0x20,0x20,0x66,0x6c,0x6f,0x61,0x74,0x20,0x70,0x61,0x72,0x61,0x6d,0x5f,
    0x32,0x20,0x3d,0x20,0x32,0x2e,0x30,0x3b,0x0a,0x20,0x20,0x20,0x20,0x62,0x6f,0x6f,
    0x6c,0x20,0x5f,0x38,0x37,0x20,0x3d,0x20,0x66,0x6c,0x61,0x67,0x28,0x70,0x61,0x72,
    0x61,0x6d,0x5f,0x32,0x2c,0x20,0x69,0x6e,0x2e,0x76,0x5f,0x66,0x6c,0x61,0x67,0x73,
    0x29,0x3b,0x0a,0x20,0x20,0x20,0x20,0x62,0x6f,0x6f,0x6c,0x20,0x5f,0x39,0x34,0x3b,
    0x0a,0x20,0x20,0x20,0x20,0x69,0x66,0x20,0x28,0x5f,0x38,0x37,0x29,0x0a,0x20,0x20,
    0x20,0x20,0x7b,0x0a,0x20,0x20,0x20,0x20,0x20,0x20,0x20,0x20,0x5f,0x39,0x34,0x20,
    0x3d,0x20,0x5f,0x36,0x30,0x20,0x3e,0x3d,0x20,0x69,0x6e,0x2e,0x76,0x5f,0x6c,0x69,
    0x6e,0x65,0x73,0x2e,0x79,0x3b,0x0a,0x20,0x20,0x20,0x20,0x7d,0x0a,0x20,0x20,0x20,
    0x20,0x65,0x6c,0x73,0x65,0x0a,0x20,0x20,0x20,0x20,0x7b,0x0a,0x20,0x20,0x20,0x20,
    0x20,0x20,0x20,0x20,0x5f,0x39,0x34,0x20,0x3d,0x20,0x5f,0x38,0x37,0x3b,0x0a,0x20,
    0x20,0x20,0x20,0x7d,0x0a,0x20,0x20,0x20,0x20,0x62,0x6f,0x6f,0x6c,0x20,0x5f,0x31,
    0x30,0x34,0x3b,0x0a,0x20,0x20,0x20,0x20,0x69,0x66,0x20,0x28,0x5f,0x39,0x34,0x29,
    0x0a,0x20,0x20,0x20,0x20,0x7b,0x0a,0x20,0x20,0x20,0x20,0x20,0x20,0x20,0x20,0x5f,
    0x31,0x30,0x34,0x20,0x3d,0x20,0x5f,0x36,0x30,0x20,0x3c,0x20,0x28,0x69,0x6e,0x2e,
    0x76,0x5f,0x6c,0x69,0x6e,0x65,0x73,0x2e,0x79,0x20,0x2b,0x20,0x69,0x6e,0x2e,0x76,
    0x5f,0x6c,0x69,0x6e,0x65,0x73,0x2e,0x7a,0x29,0x3b,0x0a,0x20,0x20,0x20,0x20,0x7d,
    0x0a,0x20,0x20,0x20,0x20,0x65,0x6c,0x73,0x65,0x0a,0x20,0x20,0x20,0x20,0x7b,0x0a,
    0x20,0x20,0x20,0x20,0x20,0x20,0x20,0x20,0x5f,0x31,0x30,0x34,0x20,0x3d,0x20,0x5f,
    0x39,0x34,0x3b,0x0a,0x20,0x20,0x20,0x20,0x7d,0x0a,0x20,0x20,0x20,0x20,0x69,0x66,
    0x20,0x28,0x5f,0x31,0x30,0x34,0x29,0x0a,0x20,0x20,0x20,0x20,0x7b,0x0a,0x20,0x20,
    0x20,0x20,0x20,0x20,0x20,0x20,0x63,0x6f,0x76,0x20,0x3d,0x20,0x31,0x2e,0x30,0x3b,
    0x0a,0x20,0x20,0x20,0x20,0x7d,0x0a,0x20,0x20,0x20,0x20,0x6f,0x75,0x74,0x2e,0x66,
    0x72,0x61,0x67,0x5f,0x63,0x6f,0x6c,0x6f,0x72,0x20,0x3d,0x20,0x6d,0x69,0x78,0x28,
    0x66,0x6c,0x6f,0x61,0x74,0x34,0x28,0x69,0x6e,0x2e,0x76,0x5f,0x62,0x67,0x2e,0x78,
    0x79,0x7a,0x20,0x2a,0x20,0x69,0x6e,0x2e,0x76,0x5f,0x62,0x67,0x2e,0x77,0x2c,0x20,
    0x69,0x6e,0x2e,0x76,0x5f,0x62,0x67,0x2e,0x77,0x29,0x2c,0x20,0x66,0x6c,0x6f,0x61,
    0x74,0x34,0x28,0x69,0x6e,0x2e,0x76,0x5f,0x66,0x67,0x2e,0x78,0x79,0x7a,0x20,0x2a,
    0x20,0x69,0x6e,0x2e,0x76,0x5f,0x66,0x67,0x2e,0x77,0x2c,0x20,0x69,0x6e,0x2e,0x76,
    0x5f,0x66,0x67,0x2e,0x77,0x29,0x2c,0x20,0x66,0x6c,0x6f,0x61,0x74,0x34,0x28,0x63,
    0x6f,0x76,0x29,0x29,0x3b,0x0a,0x20,0x20,0x20,0x20,0x72,0x65,0x74,0x75,0x72,0x6e,
    0x20,0x6f,0x75,0x74,0x3b,0x0a,0x7d,0x0a,0x0a,0x00,
};
/*
    #include <metal_stdlib>
    #include <simd/simd.h>

    using namespace metal;

    struct vs_params
    {
        float4 frame;
        float4 cell;
        float4 atlas;
        float4 lines;
    };

    struct main0_out
    {
        float2 uv [[user(locn0)]];
        float2 local_px [[user(locn1)]];
        float4 v_fg [[user(locn2)]];
        float4 v_bg [[user(locn3)]];
        float v_flags [[user(locn4)]];
        float3 v_lines [[user(locn5)]];
        float4 gl_Position [[position]];
    };

    struct main0_in
    {
        uint2 slot_flags [[attribute(0)]];
        float4 fg [[attribute(1)]];
        float4 bg [[attribute(2)]];
    };

    vertex main0_out main0(main0_in in [[stage_in]], constant vs_params& _52 [[buffer(0)]], uint gl_VertexIndex [[vertex_id]], uint gl_InstanceIndex [[instance_id]])
    {
        main0_out out = {};
        bool _25 = int(gl_VertexIndex) == 4;
        float2 _47 = float2(float(((int(gl_VertexIndex) == 1) || (int(gl_VertexIndex) == 3)) || _25), float(((int(gl_VertexIndex) == 2) || _25) || (int(gl_VertexIndex) == 5)));
        int _58 = int(_52.cell.z);
        float2 _85 = _52.frame.zw + ((float2(float(int(gl_InstanceIndex) % _58), float(int(gl_InstanceIndex) / _58)) + _47) * _52.cell.xy);
        out.gl_Position = float4(((_85.x / _52.frame.x) * 2.0) - 1.0, 1.0 - ((_85.y / _52.frame.y) * 2.0), 0.0, 1.0);
        int _122 = int(in.slot_flags.x);
        int _127 = int(_52.cell.w);
        out.uv = ((float2(float(_122 % _127), float(_122 / _127)) + _47) * _52.cell.xy) / _52.atlas.xy;
        out.local_px = _47 * _52.cell.xy;
        out.v_fg = in.fg;
        out.v_bg = in.bg;
        out.v_flags = float(in.slot_flags.y);
        out.v_lines = _52.lines.xyz;
        return out;
    }

*/
static const uint8_t ui_grid_vs_source_metal_ios[1585] = {
    0x23,0x69,0x6e,0x63,0x6c,0x75,0x64,0x65,0x20,0x3c,0x6d,0x65,0x74,0x61,0x6c,0x5f,
    0x73,0x74,0x64,0x6c,0x69,0x62,0x3e,0x0a,0x23,0x69,0x6e,0x63,0x6c,0x75,0x64,0x65,
    0x20,0x3c,0x73,0x69,0x6d,0x64,0x2f,0x73,0x69,0x6d,0x64,0x2e,0x68,0x3e,0x0a,0x0a,
    0x75,0x73,0x69,0x6e,0x67,0x20,0x6e,0x61,0x6d,0x65,0x73,0x70,0x61,0x63,0x65,0x20,
    0x6d,0x65,0x74,0x61,0x6c,0x3b,0x0a,0x0a,0x73,0x74,0x72,0x75,0x63,0x74,0x20,0x76,
    0x73,0x5f,0x70,0x61,0x72,0x61,0x6d,0x73,0x0a,0x7b,0x0a,0x20,0x20,0x20,0x20,0x66,
    0x6c,0x6f,0x61,0x74,0x34,0x20,0x66,0x72,0x61,0x6d,0x65,0x3b,0x0a,0x20,0x20,0x20,
    0x20,0x66,0x6c,0x6f,0x61,0x74,0x34,0x20,0x63,0x65,0x6c,0x6c,0x3b,0x0a,0x20,0x20,
    0x20,0x20,0x66,0x6c,0x6f,0x61,0x74,0x34,0x20,0x61,0x74,0x6c,0x61,0x73,0x3b,0x0a,
    0x20,0x20,0x20,0x20,0x66,0x6c,0x6f,0x61,0x74,0x34,0x20,0x6c,0x69,0x6e,0x65,0x73,
    0x3b,0x0a,0x7d,0x3b,0x0a,0x0a,0x73,0x74,0x72,0x75,0x63,0x74,0x20,0x6d,0x61,0x69,
    0x6e,0x30,0x5f,0x6f,0x75,0x74,0x0a,0x7b,0x0a,0x20,0x20,0x20,0x20,0x66,0x6c,0x6f,
    0x61,0x74,0x32,0x20,0x75,0x76,0x20,0x5b,0x5b,0x75,0x73,0x65,0x72,0x28,0x6c,0x6f,
    0x63,0x6e,0x30,0x29,0x5d,0x5d,0x3b,0x0a,0x20,0x20,0x20,0x20,0x66,0x6c,0x6f,0x61,
    0x74,0x32,0x20,0x6c,0x6f,0x63,0x61,0x6c,0x5f,0x70,0x78,0x20,0x5b,0x5b,0x75,0x73,
    0x65,0x72,0x28,0x6c,0x6f,0x63,0x6e,0x31,0x29,0x5d,0x5d,0x3b,0x0a,0x20,0x20,0x20,
    0x20,0x66,0x6c,0x6f,0x61,0x74,0x34,0x20,0x76,0x5f,0x66,0x67,0x20,0x5b,0x5b,0x75,
    0x73,0x65,0x72,0x28,0x6c,0x6f,0x63,0x6e,0x32,0x29,0x5d,0x5d,0x3b,0x0a,0x20,0x20,
    0x20,0x20,0x66,0x6c,0x6f,0x61,0x74,0x34,0x20,0x76,0x5f,0x62,0x67,0x20,0x5b,0x5b,
    0x75,0x73,0x65,0x72,0x28,0x6c,0x6f,0x63,0x6e,0x33,0x29,0x5d,0x5d,0x3b,0x0a,0x20,
    0x20,0x20,0x20,0x66,0x6c,0x6f,0x61,0x74,0x20,0x76,0x5f,0x66,0x6c,0x61,0x67,0x73,
    0x20,0x5b,0x5b,0x75,0x73,0x65,0x72,0x28,0x6c,0x6f,0x63,0x6e,0x34,0x29,0x5d,0x5d,
    0x3b,0x0a,0x20,0x20,0x20,0x20,0x66,0x6c,0x6f,0x61,0x74,0x33,0x20,0x76,0x5f,0x6c,
    0x69,0x6e,0x65,0x73,0x20,0x5b,0x5b,0x75,0x73,0x65,0x72,0x28,0x6c,0x6f,0x63,0x6e,
    0x35,0x29,0x5d,0x5d,0x3b,0x0a,0x20,0x20,0x20,0x20,0x66,0x6c,0x6f,0x61,0x74,0x34,
    0x20,0x67,0x6c,0x5f,0x50,0x6f,0x73,0x69,0x74,0x69,0x6f,0x6e,0x20,0x5b,0x5b,0x70,
    0x6f,0x73,0x69,0x74,0x69,0x6f,0x6e,0x5d,0x5d,0x3b,0x0a,0x7d,0x3b,0x0a,0x0a,0x73,
    0x74,0x72,0x75,0x63,0x74,0x20,0x6d,0x61,0x69,0x6e,0x30,0x5f,0x69,0x6e,0x0a,0x7b,
    0x0a,0x20,0x20,0x20,0x20,0x75,0x69,0x6e,0x74,0x32,0x20,0x73,0x6c,0x6f,0x74,0x5f,
    0x66,0x6c,0x61,0x67,0x73,0x20,0x5b,0x5b,0x61,0x74,0x74,0x72,0x69,0x62,0x75,0x74,
    0x65,0x28,0x30,0x29,0x5d,0x5d,0x3b,0x0a,0x20,0x20,0x20,0x20,0x66,0x6c,0x6f,0x61,
    0x74,0x34,0x20,0x66,0x67,0x20,0x5b,0x5b,0x61,0x74,0x74,0x72,0x69,0x62,0x75,0x74,
    0x65,0x28,0x31,0x29,0x5d,0x5d,0x3b,0x0a,0x20,0x20,0x20,0x20,0x66,0x6c,0x6f,0x61,
    0x74,0x34,0x20,0x62,0x67,0x20,0x5b,0x5b,0x61,0x74,0x74,0x72,0x69,0x62,0x75,0x74,
    0x65,0x28,0x32,0x29,0x5d,0x5d,0x3b,0x0a,0x7d,0x3b,0x0a,0x0a,0x76,0x65,0x72,0x74,
    0x65,0x78,0x20,0x6d,0x61,0x69,0x6e,0x30,0x5f,0x6f,0x75,0x74,0x20,0x6d,0x61,0x69,
    0x6e,0x30,0x28,0x6d,0x61,0x69,0x6e,0x30,0x5f,0x69,0x6e,0x20,0x69,0x6e,0x20,0x5b,
    0x5b,0x73,0x74,0x61,0x67,0x65,0x5f,0x69,0x6e,0x5d,0x5d,0x2c,0x20,0x63,0x6f,0x6e,
    0x73,0x74,0x61,0x6e,0x74,0x20,0x76,0x73,0x5f,0x70,0x61,0x72,0x61,0x6d,0x73,0x26,
    0x20,0x5f,0x35,0x32,0x20,0x5b,0x5b,0x62,0x75,0x66,0x66,0x65,0x72,0x28,0x30,0x29,
    0x5d,0x5d,0x2c,0x20,0x75,0x69,0x6e,0x74,0x20,0x67,0x6c,0x5f,0x56,0x65,0x72,0x74,
    0x65,0x78,0x49,0x6e,0x64,0x65,0x78,0x20,0x5b,0x5b,0x76,0x65,0x72,0x74,0x65,0x78,
    0x5f,0x69,0x64,0x5d,0x5d,0x2c,0x20,0x75,0x69,0x6e,0x74,0x20,0x67,0x6c,0x5f,0x49,
    0x6e,0x73,0x74,0x61,0x6e,0x63,0x65,0x49,0x6e,0x64,0x65,0x78,0x20,0x5b,0x5b,0x69,
    0x6e,0x73,0x74,0x61,0x6e,0x63,0x65,0x5f,0x69,0x64,0x5d,0x5d,0x29,0x0a,0x7b,0x0a,
    0x20,0x20,0x20,0x20,0x6d,0x61,0x69,0x6e,0x30,0x5f,0x6f,0x75,0x74,0x20,0x6f,0x75,
    0x74,0x20,0x3d,0x20,0x7b,0x7d,0x3b,0x0a,0x20,0x20,0x20,0x20,0x62,0x6f,0x6f,0x6c,
    0x20,0x5f,0x32,0x35,0x20,0x3d,0x20,0x69,0x6e,0x74,0x28,0x67,0x6c,0x5f,0x56,0x65,
    0x72,0x74,0x65,0x78,0x49,0x6e,0x64,0x65,0x78,0x29,0x20,0x3d,0x3d,0x20,0x34,0x3b,
    0x0a,0x20,0x20,0x20,0x20,0x66,0x6c,0x6f,0x61,0x74,0x32,0x20,0x5f,0x34,0x37,0x20,
    0x3d,0x20,0x66,0x6c,0x6f,0x61,0x74,0x32,0x28,0x66,0x6c,0x6f,0x61,0x74,0x28,0x28,
    0x28,0x69,0x6e,0x74,0x28,0x67,0x6c,0x5f,0x56,0x65,0x72,0x74,0x65,0x78,0x49,0x6e,
    0x64,0x65,0x78,0x29,0x20,0x3d,0x3d,0x20,0x31,0x29,0x20,0x7c,0x7c,0x20,0x28,0x69,
    0x6e,0x74,0x28,0x67,0x6c,0x5f,0x56,0x65,0x72,0x74,0x65,0x78,0x49,0x6e,0x64,0x65,
    0x78,0x29,0x20,0x3d,0x3d,0x20,0x33,0x29,0x29,0x20,0x7c,0x7c,0x20,0x5f,0x32,0x35,
    0x29,0x2c,0x20,0x66,0x6c,0x6f,0x61,0x74,0x28,0x28,0x28,0x69,0x6e,0x74,0x28,0x67,
    0x6c,0x5f,0x56,0x65,0x72,0x74,0x65,0x78,0x49,0x6e,0x64,0x65,0x78,0x29,0x20,0x3d,
    0x3d,0x20,0x32,0x29,0x20,0x7c,0x7c,0x20,0x5f,0x32,0x35,0x29,0x20,0x7c,0x7c,0x20,
    0x28,0x69,0x6e,0x74,0x28,0x67,0x6c,0x5f,0x56,0x65,0x72,0x74,0x65,0x78,0x49,0x6e,
    0x64,0x65,0x78,0x29,0x20,0x3d,0x3d,0x20,0x35,0x29,0x29,0x29,0x3b,0x0a,0x20,0x20,
    0x20,0x20,0x69,0x6e,0x74,0x20,0x5f,0x35,0x38,0x20,0x3d,0x20,0x69,0x6e,0x74,0x28,
    0x5f,0x35,0x32,0x2e,0x63,0x65,0x6c,0x6c,0x2e,0x7a,0x29,0x3b,0x0a,0x20,0x20,0x20,
    0x20,0x66,0x6c,0x6f,0x61,0x74,0x32,0x20,0x5f,0x38,0x35,0x20,0x3d,0x20,0x5f,0x35,
    0x32,0x2e,0x66,0x72,0x61,0x6d,0x65,0x2e,0x7a,0x77,0x20,0x2b,0x20,0x28,0x28,0x66,
    0x6c,0x6f,0x61,0x74,0x32,0x28,0x66,0x6c,0x6f,0x61,0x74,0x28,0x69,0x6e,0x74,0x28,
    0x67,0x6c,0x5f,0x49,0x6e,0x73,0x74,0x61,0x6e,0x63,0x65,0x49,0x6e,0x64,0x65,0x78,
    0x29,0x20,0x25,0x20,0x5f,0x35,0x38,0x29,0x2c,0x20,0x66,0x6c,0x6f,0x61,0x74,0x28,
    0x69,0x6e,0x74,0x28,0x67,0x6c,0x5f,0x49,0x6e,0x73,0x74,0x61,0x6e,0x63,0x65,0x49,
    0x6e,0x64,0x65,0x78,0x29,0x20,0x2f,0x20,0x5f,0x35,0x38,0x29,0x29,0x20,0x2b,0x20,
    0x5f,0x34,0x37,0x29,0x20,0x2a,0x20,0x5f,0x35,0x32,0x2e,0x63,0x65,0x6c,0x6c,0x2e,
    0x78,0x79,0x29,0x3b,0x0a,0x20,0x20,0x20,0x20,0x6f,0x75,0x74,0x2e,0x67,0x6c,0x5f,
    0x50,0x6f,0x73,0x69,0x74,0x69,0x6f,0x6e,0x20,0x3d,0x20,0x66,0x6c,0x6f,0x61,0x74,
    0x34,0x28,0x28,0x28,0x5f,0x38,0x35,0x2e,0x78,0x20,0x2f,0x20,0x5f,0x35,0x32,0x2e,
    0x66,0x72,0x61,0x6d,0x65,0x2e,0x78,0x29,0x20,0x2a,0x20,0x32,0x2e,0x30,0x29,0x20,
    0x2d,0x20,0x31,0x2e,0x30,0x2c,0x20,0x31,0x2e,0x30,0x20,0x2d,0x20,0x28,0x28,0x5f,
    0x38,0x35,0x2e,0x79,0x20,0x2f,0x20,0x5f,0x35,0x32,0x2e,0x66,0x72,0x61,0x6d,0x65,
    0x2e,0x79,0x29,0x20,0x2a,0x20,0x32,0x2e,0x30,0x29,0x2c,0x20,0x30,0x2e,0x30,0x2c,
    0x20,0x31,0x2e,0x30,0x29,0x3b,0x0a,0x20,0x20,0x20,0x20,0x69,0x6e,0x74,0x20,0x5f,
    0x31,0x32,0x32,0x20,0x3d,0x20,0x69,0x6e,0x74,0x28,0x69,0x6e,0x2e,0x73,0x6c,0x6f,
    0x74,0x5f,0x66,0x6c,0x61,0x67,0x73,0x2e,0x78,0x29,0x3b,0x0a,0x20,0x20,0x20,0x20,
    0x69,0x6e,0x74,0x20,0x5f,0x31,0x32,0x37,0x20,0x3d,0x20,0x69,0x6e,0x74,0x28,0x5f,
    0x35,0x32,0x2e,0x63,0x65,0x6c,0x6c,0x2e,0x77,0x29,0x3b,0x0a,0x20,0x20,0x20,0x20,
    0x6f,0x75,0x74,0x2e,0x75,0x76,0x20,0x3d,0x20,0x28,0x28,0x66,0x6c,0x6f,0x61,0x74,
    0x32,0x28,0x66,0x6c,0x6f,0x61,0x74,0x28,0x5f,0x31,0x32,0x32,0x20,0x25,0x20,0x5f,
    0x31,0x32,0x37,0x29,0x2c,0x20,0x66,0x6c,0x6f,0x61,0x74,0x28,0x5f,0x31,0x32,0x32,
    0x20,0x2f,0x20,0x5f,0x31,0x32,0x37,0x29,0x29,0x20,0x2b,0x20,0x5f,0x34,0x37,0x29,
    0x20,0x2a,0x20,0x5f,0x35,0x32,0x2e,0x63,0x65,0x6c,0x6c,0x2e,0x78,0x79,0x29,0x20,
    0x2f,0x20,0x5f,0x35,0x32,0x2e,0x61,0x74,0x6c,0x61,0x73,0x2e,0x78,0x79,0x3b,0x0a,
    0x20,0x20,0x20,0x20,0x6f,0x75,0x74,0x2e,0x6c,0x6f,0x63,0x61,0x6c,0x5f,0x70,0x78,
    0x20,0x3d,0x20,0x5f,0x34,0x37,0x20,0x2a,0x20,0x5f,0x35,0x32,0x2e,0x63,0x65,0x6c,
    0x6c,0x2e,0x78,0x79,0x3b,0x0a,0x20,0x20,0x20,0x20,0x6f,0x75,0x74,0x2e,0x76,0x5f,
    0x66,0x67,0x20,0x3d,0x20,0x69,0x6e,0x2e,0x66,0x67,0x3b,0x0a,0x20,0x20,0x20,0x20,
    0x6f,0x75,0x74,0x2e,0x76,0x5f,0x62,0x67,0x20,0x3d,0x20,0x69,0x6e,0x2e,0x62,0x67,
    0x3b,0x0a,0x20,0x20,0x20,0x20,0x6f,0x75,0x74,0x2e,0x76,0x5f,0x66,0x6c,0x61,0x67,
    0x73,0x20,0x3d,0x20,0x66,0x6c,0x6f,0x61,0x74,0x28,0x69,0x6e,0x2e,0x73,0x6c,0x6f,
    0x74,0x5f,0x66,0x6c,0x61,0x67,0x73,0x2e,0x79,0x29,0x3b,0x0a,0x20,0x20,0x20,0x20,
    0x6f,0x75,0x74,0x2e,0x76,0x5f,0x6c,0x69,0x6e,0x65,0x73,0x20,0x3d,0x20,0x5f,0x35,
    0x32,0x2e,0x6c,0x69,0x6e,0x65,0x73,0x2e,0x78,0x79,0x7a,0x3b,0x0a,0x20,0x20,0x20,
    0x20,0x72,0x65,0x74,0x75,0x72,0x6e,0x20,0x6f,0x75,0x74,0x3b,0x0a,0x7d,0x0a,0x0a,
    0x00,
};
/*
    #pragma clang diagnostic ignored "-Wmissing-prototypes"

    #include <metal_stdlib>
    #include <simd/simd.h>

    using namespace metal;

    // Implementation of the GLSL mod() function, which is slightly different than Metal fmod()
    template<typename Tx, typename Ty>
    inline Tx mod(Tx x, Ty y)
    {
        return x - y * floor(x / y);
    }

    struct main0_out
    {
        float4 frag_color [[color(0)]];
    };

    struct main0_in
    {
        float2 uv [[user(locn0)]];
        float2 local_px [[user(locn1)]];
        float4 v_fg [[user(locn2)]];
        float4 v_bg [[user(locn3)]];
        float v_flags [[user(locn4)]];
        float3 v_lines [[user(locn5)]];
    };

    static inline __attribute__((always_inline))
    bool flag(thread const float& b, thread float& v_flags)
    {
        return mod(floor(v_flags / b), 2.0) >= 1.0;
    }

    fragment main0_out main0(main0_in in [[stage_in]], texture2d<float> atlas_tex [[texture(0)]], sampler atlas_smp [[sampler(0)]])
    {
        main0_out out = {};
        float param = 16.0;
        if (flag(param, in.v_flags))
        {
            out.frag_color = float4(0.0);
            return out;
        }
        float cov = atlas_tex.sample(atlas_smp, in.uv).x;
        float _60 = floor(in.local_px.y);
        float param_1 = 1.0;
        bool _62 = flag(param_1, in.v_flags);
        bool _72;
        if (_62)
        {
            _72 = _60 >= in.v_lines.x;
        }
        else
        {
            _72 = _62;
        }
        bool _83;
        if (_72)
        {
            _83 = _60 < (in.v_lines.x + in.v_lines.z);
        }
        else
        {
            _83 = _72;
        }
        if (_83)
        {
            cov = 1.0;
        }
        float param_2 = 2.0;
        bool _87 = flag(param_2, in.v_flags);
        bool _94;
        if (_87)
        {
            _94 = _60 >= in.v_lines.y;
        }
        else
        {
            _94 = _87;
        }
        bool _104;
        if (_94)
        {
            _104 = _60 < (in.v_lines.y + in.v_lines.z);
        }
        else
        {
            _104 = _94;
        }
        if (_104)
        {
            cov = 1.0;
        }
        out.frag_color = mix(float4(in.v_bg.xyz * in.v_bg.w, in.v_bg.w), float4(in.v_fg.xyz * in.v_fg.w, in.v_fg.w), float4(cov));
        return out;
    }

*/
static const uint8_t ui_grid_fs_source_metal_ios[1994] = {
    0x23,0x70,0x72,0x61,0x67,0x6d,0x61,0x20,0x63,0x6c,0x61,0x6e,0x67,0x20,0x64,0x69,
    0x61,0x67,0x6e,0x6f,0x73,0x74,0x69,0x63,0x20,0x69,0x67,0x6e,0x6f,0x72,0x65,0x64,
    0x20,0x22,0x2d,0x57,0x6d,0x69,0x73,0x73,0x69,0x6e,0x67,0x2d,0x70,0x72,0x6f,0x74,
    0x6f,0x74,0x79,0x70,0x65,0x73,0x22,0x0a,0x0a,0x23,0x69,0x6e,0x63,0x6c,0x75,0x64,
    0x65,0x20,0x3c,0x6d,0x65,0x74,0x61,0x6c,0x5f,0x73,0x74,0x64,0x6c,0x69,0x62,0x3e,
    0x0a,0x23,0x69,0x6e,0x63,0x6c,0x75,0x64,0x65,0x20,0x3c,0x73,0x69,0x6d,0x64,0x2f,
    0x73,0x69,0x6d,0x64,0x2e,0x68,0x3e,0x0a,0x0a,0x75,0x73,0x69,0x6e,0x67,0x20,0x6e,
    0x61,0x6d,0x65,0x73,0x70,0x61,0x63,0x65,0x20,0x6d,0x65,0x74,0x61,0x6c,0x3b,0x0a,
    0x0a,0x2f,0x2f,0x20,0x49,0x6d,0x70,0x6c,0x65,0x6d,0x65,0x6e,0x74,0x61,0x74,0x69,
    0x6f,0x6e,0x20,0x6f,0x66,0x20,0x74,0x68,0x65,0x20,0x47,0x4c,0x53,0x4c,0x20,0x6d,
    0x6f,0x64,0x28,0x29,0x20,0x66,0x75,0x6e,0x63,0x74,0x69,0x6f,0x6e,0x2c,0x20,0x77,
    0x68,0x69,0x63,0x68,0x20,0x69,0x73,0x20,0x73,0x6c,0x69,0x67,0x68,0x74,0x6c,0x79,
    0x20,0x64,0x69,0x66,0x66,0x65,0x72,0x65,0x6e,0x74,0x20,0x74,0x68,0x61,0x6e,0x20,
    0x4d,0x65,0x74,0x61,0x6c,0x20,0x66,0x6d,0x6f,0x64,0x28,0x29,0x0a,0x74,0x65,0x6d,
    0x70,0x6c,0x61,0x74,0x65,0x3c,0x74,0x79,0x70,0x65,0x6e,0x61,0x6d,0x65,0x20,0x54,
    0x78,0x2c,0x20,0x74,0x79,0x70,0x65,0x6e,0x61,0x6d,0x65,0x20,0x54,0x79,0x3e,0x0a,
    0x69,0x6e,0x6c,0x69,0x6e,0x65,0x20,0x54,0x78,0x20,0x6d,0x6f,0x64,0x28,0x54,0x78,
    0x20,0x78,0x2c,0x20,0x54,0x79,0x20,0x79,0x29,0x0a,0x7b,0x0a,0x20,0x20,0x20,0x20,
    0x72,0x65,0x74,0x75,0x72,0x6e,0x20,0x78,0x20,0x2d,0x20,0x79,0x20,0x2a,0x20,0x66,
    0x6c,0x6f,0x6f,0x72,0x28,0x78,0x20,0x2f,0x20,0x79,0x29,0x3b,0x0a,0x7d,0x0a,0x0a,
    0x73,0x74,0x72,0x75,0x63,0x74,0x20,0x6d,0x61,0x69,0x6e,0x30,0x5f,0x6f,0x75,0x74,
    0x0a,0x7b,0x0a,0x20,0x20,0x20,0x20,0x66,0x6c,0x6f,0x61,0x74,0x34,0x20,0x66,0x72,
    0x61,0x67,0x5f,0x63,0x6f,0x6c,0x6f,0x72,0x20,0x5b,0x5b,0x63,0x6f,0x6c,0x6f,0x72,
    0x28,0x30,0x29,0x5d,0x5d,0x3b,0x0a,0x7d,0x3b,0x0a,0x0a,0x73,0x74,0x72,0x75,0x63,
    0x74,0x20,0x6d,0x61,0x69,0x6e,0x30,0x5f,0x69,0x6e,0x0a,0x7b,0x0a,0x20,0x20,0x20,
    0x20,0x66,0x6c,0x6f,0x61,0x74,0x32,0x20,0x75,0x76,0x20,0x5b,0x5b,0x75,0x73,0x65,
    0x72,0x28,0x6c,0x6f,0x63,0x6e,0x30,0x29,0x5d,0x5d,0x3b,0x0a,0x20,0x20,0x20,0x20,
    0x66,0x6c,0x6f,0x61,0x74,0x32,0x20,0x6c,0x6f,0x63,0x61,0x6c,0x5f,0x70,0x78,0x20,
    0x5b,0x5b,0x75,0x73,0x65,0x72,0x28,0x6c,0x6f,0x63,0x6e,0x31,0x29,0x5d,0x5d,0x3b,
    0x0a,0x20,0x20,0x20,0x20,0x66,0x6c,0x6f,0x61,0x74,0x34,0x20,0x76,0x5f,0x66,0x67,
    0x20,0x5b,0x5b,0x75,0x73,0x65,0x72,0x28,0x6c,0x6f,0x63,0x6e,0x32,0x29,0x5d,0x5d,
    0x3b,0x0a,0x20,0x20,0x20,0x20,0x66,0x6c,0x6f,0x61,0x74,0x34,0x20,0x76,0x5f,0x62,
    0x67,0x20,0x5b,0x5b,0x75,0x73,0x65,0x72,0x28,0x6c,0x6f,0x63,0x6e,0x33,0x29,0x5d,
    0x5d,0x3b,0x0a,0x20,0x20,0x20,0x20,0x66,0x6c,0x6f,0x61,0x74,0x20,0x76,0x5f,0x66,
    0x6c,0x61,0x67,0x73,0x20,0x5b,0x5b,0x75,0x73,0x65,0x72,0x28,0x6c,0x6f,0x63,0x6e,
    0x34,0x29,0x5d,0x5d,0x3b,0x0a,0x20,0x20,0x20,0x20,0x66,0x6c,0x6f,0x61,0x74,0x33,
    0x20,0x76,0x5f,0x6c,0x69,0x6e,0x65,0x73,0x20,0x5b,0x5b,0x75,0x73,0x65,0x72,0x28,
    0x6c,0x6f,0x63,0x6e,0x35,0x29,0x5d,0x5d,0x3b,0x0a,0x7d,0x3b,0x0a,0x0a,0x73,0x74,
    0x61,0x74,0x69,0x63,0x20,0x69,0x6e,0x6c,0x69,0x6e,0x65,0x20,0x5f,0x5f,0x61,0x74,
    0x74,0x72,0x69,0x62,0x75,0x74,0x65,0x5f,0x5f,0x28,0x28,0x61,0x6c,0x77,0x61,0x79,
    0x73,0x5f,0x69,0x6e,0x6c,0x69,0x6e,0x65,0x29,0x29,0x0a,0x62,0x6f,0x6f,0x6c,0x20,
    0x66,0x6c,0x61,0x67,0x28,0x74,0x68,0x72,0x65,0x61,0x64,0x20,0x63,0x6f,0x6e,0x73,
    0x74,0x20,0x66,0x6c,0x6f,0x61,0x74,0x26,0x20,0x62,0x2c,0x20,0x74,0x68,0x72,0x65,
    0x61,0x64,0x20,0x66,0x6c,0x6f,0x61,0x74,0x26,0x20,0x76,0x5f,0x66,0x6c,0x61,0x67,
    0x73,0x29,0x0a,0x7b,0x0a,0x20,0x20,0x20,0x20,0x72,0x65,0x74,0x75,0x72,0x6e,0x20,
    0x6d,0x6f,0x64,0x28,0x66,0x6c,0x6f,0x6f,0x72,0x28,0x76,0x5f,0x66,0x6c,0x61,0x67,
    0x73,0x20,0x2f,0x20,0x62,0x29,0x2c,0x20,0x32,0x2e,0x30,0x29,0x20,0x3e,0x3d,0x20,
    0x31,0x2e,0x30,0x3b,0x0a,0x7d,0x0a,0x0a,0x66,0x72,0x61,0x67,0x6d,0x65,0x6e,0x74,
    0x20,0x6d,0x61,0x69,0x6e,0x30,0x5f,0x6f,0x75,0x74,0x20,0x6d,0x61,0x69,0x6e,0x30,
    0x28,0x6d,0x61,0x69,0x6e,0x30,0x5f,0x69,0x6e,0x20,0x69,0x6e,0x20,0x5b,0x5b,0x73,
    0x74,0x61,0x67,0x65,0x5f,0x69,0x6e,0x5d,0x5d,0x2c,0x20,0x74,0x65,0x78,0x74,0x75,
    0x72,0x65,0x32,0x64,0x3c,0x66,0x6c,0x6f,0x61,0x74,0x3e,0x20,0x61,0x74,0x6c,0x61,
    0x73,0x5f,0x74,0x65,0x78,0x20,0x5b,0x5b,0x74,0x65,0x78,0x74,0x75,0x72,0x65,0x28,
    0x30,0x29,0x5d,0x5d,0x2c,0x20,0x73,0x61,0x6d,0x70,0x6c,0x65,0x72,0x20,0x61,0x74,
    0x6c,0x61,0x73,0x5f,0x73,0x6d,0x70,0x20,0x5b,0x5b,0x73,0x61,0x6d,0x70,0x6c,0x65,
    0x72,0x28,0x30,0x29,0x5d,0x5d,0x29,0x0a,0x7b,0x0a,0x20,0x20,0x20,0x20,0x6d,0x61,
    0x69,0x6e,0x30,0x5f,0x6f,0x75,0x74,0x20,0x6f,0x75,0x74,0x20,0x3d,0x20,0x7b,0x7d,
    0x3b,0x0a,0x20,0x20,0x20,0x20,0x66,0x6c,0x6f,0x61,0x74,0x20,0x70,0x61,0x72,0x61,
    0x6d,0x20,0x3d,0x20,0x31,0x36,0x2e,0x30,0x3b,0x0a,0x20,0x20,0x20,0x20,0x69,0x66,
    0x20,0x28,0x66,0x6c,0x61,0x67,0x28,0x70,0x61,0x72,0x61,0x6d,0x2c,0x20,0x69,0x6e,
    0x2e,0x76,0x5f,0x66,0x6c,0x61,0x67,0x73,0x29,0x29,0x0a,0x20,0x20,0x20,0x20,0x7b,
    0x0a,0x20,0x20,0x20,0x20,0x20,0x20,0x20,0x20,0x6f,0x75,0x74,0x2e,0x66,0x72,0x61,
    0x67,0x5f,0x63,0x6f,0x6c,0x6f,0x72,0x20,0x3d,0x20,0x66,0x6c,0x6f,0x61,0x74,0x34,
    0x28,0x30,0x2e,0x30,0x29,0x3b,0x0a,0x20,0x20,0x20,0x20,0x20,0x20,0x20,0x20,0x72,
    0x65,0x74,0x75,0x72,0x6e,0x20,0x6f,0x75,0x74,0x3b,0x0a,0x20,0x20,0x20,0x20,0x7d,
    0x0a,0x20,0x20,0x20,0x20,0x66,0x6c,0x6f,0x61,0x74,0x20,0x63,0x6f,0x76,0x20,0x3d,
    0x20,0x61,0x74,0x6c,0x61,0x73,0x5f,0x74,0x65,0x78,0x2e,0x73,0x61,0x6d,0x70,0x6c,
    0x65,0x28,0x61,0x74,0x6c,0x61,0x73,0x5f,0x73,0x6d,0x70,0x2c,0x20,0x69,0x6e,0x2e,
    0x75,0x76,0x29,0x2e,0x78,0x3b,0x0a,0x20,0x20,0x20,0x20,0x66,0x6c,0x6f,0x61,0x74,
    0x20,0x5f,0x36,0x30,0x20,0x3d,0x20,0x66,0x6c,0x6f,0x6f,0x72,0x28,0x69,0x6e,0x2e,
    0x6c,0x6f,0x63,0x61,0x6c,0x5f,0x70,0x78,0x2e,0x79,0x29,0x3b,0x0a,0x20,0x20,0x20,
    0x20,0x66,0x6c,0x6f,0x61,0x74,0x20,0x70,0x61,0x72,0x61,0x6d,0x5f,0x31,0x20,0x3d,
    0x20,0x31,0x2e,0x30,0x3b,0x0a,0x20,0x20,0x20,0x20,0x62,0x6f,0x6f,0x6c,0x20,0x5f,
    0x36,0x32,0x20,0x3d,0x20,0x66,0x6c,0x61,0x67,0x28,0x70,0x61,0x72,0x61,0x6d,0x5f,
    0x31,0x2c,0x20,0x69,0x6e,0x2e,0x76,0x5f,0x66,0x6c,0x61,0x67,0x73,0x29,0x3b,0x0a,
    0x20,0x20,0x20,0x20,0x62,0x6f,0x6f,0x6c,0x20,0x5f,0x37,0x32,0x3b,0x0a,0x20,0x20,
    0x20,0x20,0x69,0x66,0x20,0x28,0x5f,0x36,0x32,0x29,0x0a,0x20,0x20,0x20,0x20,0x7b,
    0x0a,0x20,0x20,0x20,0x20,0x20,0x20,0x20,0x20,0x5f,0x37,0x32,0x20,0x3d,0x20,0x5f,
    0x36,0x30,0x20,0x3e,0x3d,0x20,0x69,0x6e,0x2e,0x76,0x5f,0x6c,0x69,0x6e,0x65,0x73,
    0x2e,0x78,0x3b,0x0a,0x20,0x20,0x20,0x20,0x7d,0x0a,0x20,0x20,0x20,0x20,0x65,0x6c,
    0x73,0x65,0x0a,0x20,0x20,0x20,0x20,0x7b,0x0a,0x20,0x20,0x20,0x20,0x20,0x20,0x20,
    0x20,0x5f,0x37,0x32,0x20,0x3d,0x20,0x5f,0x36,0x32,0x3b,0x0a,0x20,0x20,0x20,0x20,
    0x7d,0x0a,0x20,0x20,0x20,0x20,0x62,0x6f,0x6f,0x6c,0x20,0x5f,0x38,0x33,0x3b,0x0a,
    0x20,0x20,0x20,0x20,0x69,0x66,0x20,0x28,0x5f,0x37,0x32,0x29,0x0a,0x20,0x20,0x20,
    0x20,0x7b,0x0a,0x20,0x20,0x20,0x20,0x20,0x20,0x20,0x20,0x5f,0x38,0x33,0x20,0x3d,
    0x20,0x5f,0x36,0x30,0x20,0x3c,0x20,0x28,0x69,0x6e,0x2e,0x76,0x5f,0x6c,0x69,0x6e,
    0x65,0x73,0x2e,0x78,0x20,0x2b,0x20,0x69,0x6e,0x2e,0x76,0x5f,0x6c,0x69,0x6e,0x65,
    0x73,0x2e,0x7a,0x29,0x3b,0x0a,0x20,0x20,0x20,0x20,0x7d,0x0a,0x20,0x20,0x20,0x20,
    0x65,0x6c,0x73,0x65,0x0a,0x20,0x20,0x20,0x20,0x7b,0x0a,0x20,0x20,0x20,0x20,0x20,
    0x20,0x20,0x20,0x5f,0x38,0x33,0x20,0x3d,0x20,0x5f,0x37,0x32,0x3b,0x0a,0x20,0x20,
    0x20,0x20,0x7d,0x0a,0x20,0x20,0x20,0x20,0x69,0x66,0x20,0x28,0x5f,0x38,0x33,0x29,
    0x0a,0x20,0x20,0x20,0x20,0x7b,0x0a,0x20,0x20,0x20,0x20,0x20,0x20,0x20,0x20,0x63,
    0x6f,0x76,0x20,0x3d,0x20,0x31,0x2e,0x30,0x3b,0x0a,0x20,0x20,0x20,0x20,0x7d,0x0a,
    0x20,0x20,0x20,0x20,0x66,0x6c,0x6f,0x61,0x74,0x20,0x70,0x61,0x72,0x61,0x6d,0x5f,
    0x32,0x20,0x3d,0x20,0x32,0x2e,0x30,0x3b,0x0a,0x20,0x20,0x20,0x20,0x62,0x6f,0x6f,
    0x6c,0x20,0x5f,0x38,0x37,0x20,0x3d,0x20,0x66,0x6c,0x61,0x67,0x28,0x70,0x61,0x72,
    0x61,0x6d,0x5f,0x32,0x2c,0x20,0x69,0x6e,0x2e,0x76,0x5f,0x66,0x6c,0x61,0x67,0x73,
    0x29,0x3b,0x0a,0x20,0x20,0x20,0x20,0x62,0x6f,0x6f,0x6c,0x20,0x5f,0x39,0x34,0x3b,
    0x0a,0x20,0x20,0x20,0x20,0x69,0x66,0x20,0x28,0x5f,0x38,0x37,0x29,0x0a,0x20,0x20,
    0x20,0x20,0x7b,0x0a,0x20,0x20,0x20,0x20,0x20,0x20,0x20,0x20,0x5f,0x39,0x34,0x20,
    0x3d,0x20,0x5f,0x36,0x30,0x20,0x3e,0x3d,0x20,0x69,0x6e,0x2e,0x76,0x5f,0x6c,0x69,
    0x6e,0x65,0x73,0x2e,0x79,0x3b,0x0a,0x20,0x20,0x20,0x20,0x7d,0x0a,0x20,0x20,0x20,
    0x20,0x65,0x6c,0x73,0x65,0x0a,0x20,0x20,0x20,0x20,0x7b,0x0a,0x20,0x20,0x20,0x20,
    0x20,0x20,0x20,0x20,0x5f,0x39,0x34,0x20,0x3d,0x20,0x5f,0x38,0x37,0x3b,0x0a,0x20,
    0x20,0x20,0x20,0x7d,0x0a,0x20,0x20,0x20,0x20,0x62,0x6f,0x6f,0x6c,0x20,0x5f,0x31,
    0x30,0x34,0x3b,0x0a,0x20,0x20,0x20,0x20,0x69,0x66,0x20,0x28,0x5f,0x39,0x34,0x29,
    0x0a,0x20,0x20,0x20,0x20,0x7b,0x0a,0x20,0x20,0x20,0x20,0x20,0x20,0x20,0x20,0x5f,
    0x31,0x30,0x34,0x20,0x3d,0x20,0x5f,0x36,0x30,0x20,0x3c,0x20,0x28,0x69,0x6e,0x2e,
    0x76,0x5f,0x6c,0x69,0x6e,0x65,0x73,0x2e,0x79,0x20,0x2b,0x20,0x69,0x6e,0x2e,0x76,
    0x5f,0x6c,0x69,0x6e,0x65,0x73,0x2e,0x7a,0x29,0x3b,0x0a,0x20,0x20,0x20,0x20,0x7d,
    0x0a,0x20,0x20,0x20,0x20,0x65,0x6c,0x73,0x65,0x0a,0x20,0x20,0x20,0x20,0x7b,0x0a,
    0x20,0x20,0x20,0x20,0x20,0x20,0x20,0x20,0x5f,0x31,0x30,0x34,0x20,0x3d,0x20,0x5f,
    0x39,0x34,0x3b,0x0a,0x20,0x20,0x20,0x20,0x7d,0x0a,0x20,0x20,0x20,0x20,0x69,0x66,
    0x20,0x28,0x5f,0x31,0x30,0x34,0x29,0x0a,0x20,0x20,0x20,0x20,0x7b,0x0a,0x20,0x20,
    0x20,0x20,0x20,0x20,0x20,0x20,0x63,0x6f,0x76,0x20,0x3d,0x20,0x31,0x2e,0x30,0x3b,
    0x0a,0x20,0x20,0x20,0x20,0x7d,0x0a,0x20,0x20,0x20,0x20,0x6f,0x75,0x74,0x2e,0x66,
    0x72,0x61,0x67,0x5f,0x63,0x6f,0x6c,0x6f,0x72,0x20,0x3d,0x20,0x6d,0x69,0x78,0x28,
    0x66,0x6c,0x6f,0x61,0x74,0x34,0x28,0x69,0x6e,0x2e,0x76,0x5f,0x62,0x67,0x2e,0x78,
    0x79,0x7a,0x20,0x2a,0x20,0x69,0x6e,0x2e,0x76,0x5f,0x62,0x67,0x2e,0x77,0x2c,0x20,
    0x69,0x6e,0x2e,0x76,0x5f,0x62,0x67,0x2e,0x77,0x29,0x2c,0x20,0x66,0x6c,0x6f,0x61,
    0x74,0x34,0x28,0x69,0x6e,0x2e,0x76,0x5f,0x66,0x67,0x2e,0x78,0x79,0x7a,0x20,0x2a,
    0x20,0x69,0x6e,0x2e,0x76,0x5f,0x66,0x67,0x2e,0x77,0x2c,0x20,0x69,0x6e,0x2e,0x76,
    0x5f,0x66,0x67,0x2e,0x77,0x29,0x2c,0x20,0x66,0x6c,0x6f,0x61,0x74,0x34,0x28,0x63,
    0x6f,0x76,0x29,0x29,0x3b,0x0a,0x20,0x20,0x20,0x20,0x72,0x65,0x74,0x75,0x72,0x6e,
    0x20,0x6f,0x75,0x74,0x3b,0x0a,0x7d,0x0a,0x0a,0x00,
};
/*
    diagnostic(off, derivative_uniformity);

    struct vs_params {
      /_ @offset(0) _/
      frame : vec4f,
      /_ @offset(16) _/
      cell : vec4f,
      /_ @offset(32) _/
      atlas : vec4f,
      /_ @offset(48) _/
      lines : vec4f,
    }

    var<private> gl_VertexIndex : i32;

    @binding(0) @group(0) var<uniform> x_52 : vs_params;

    var<private> gl_InstanceIndex : i32;

    var<private> slot_flags : vec2u;

    var<private> uv : vec2f;

    var<private> local_px : vec2f;

    var<private> v_fg : vec4f;

    var<private> fg : vec4f;

    var<private> v_bg : vec4f;

    var<private> bg : vec4f;

    var<private> v_flags : f32;

    var<private> v_lines : vec3f;

    var<private> gl_Position : vec4f;

    fn main_1() {
      let x_25 = (gl_VertexIndex == 4i);
      let x_47 = vec2f(select(0.0f, 1.0f, (((gl_VertexIndex == 1i) | (gl_VertexIndex == 3i)) | x_25)), select(0.0f, 1.0f, (((gl_VertexIndex == 2i) | x_25) | (gl_VertexIndex == 5i))));
      let x_58 = i32(x_52.cell.z);
      let x_83 = x_52.cell.xy;
      let x_85 = (x_52.frame.zw + ((vec2f(f32((gl_InstanceIndex % x_58)), f32((gl_InstanceIndex / x_58))) + x_47) * x_83));
      gl_Position = vec4f((((x_85.x / x_52.frame.x) * 2.0f) - 1.0f), (1.0f - ((x_85.y / x_52.frame.y) * 2.0f)), 0.0f, 1.0f);
      let x_122 = bitcast<i32>(slot_flags.x);
      let x_127 = i32(x_52.cell.w);
      uv = (((vec2f(f32((x_122 % x_127)), f32((x_122 / x_127))) + x_47) * x_83) / x_52.atlas.xy);
      local_px = (x_47 * x_83);
      v_fg = fg;
      v_bg = bg;
      v_flags = f32(slot_flags.y);
      v_lines = x_52.lines.xyz;
      return;
    }

    struct main_out {
      @builtin(position)
      gl_Position : vec4f,
      @location(0)
      uv_1 : vec2f,
      @location(1)
      local_px_1 : vec2f,
      @location(2)
      v_fg_1 : vec4f,
      @location(3)
      v_bg_1 : vec4f,
      @location(4)
      v_flags_1 : f32,
      @location(5)
      v_lines_1 : vec3f,
    }

    @vertex
    fn main(@builtin(vertex_index) gl_VertexIndex_param : u32, @builtin(instance_index) gl_InstanceIndex_param : u32, @location(0) @interpolate(flat) slot_flags_param : vec2u, @location(1) fg_param : vec4f, @location(2) bg_param : vec4f) -> main_out {
      gl_VertexIndex = bitcast<i32>(gl_VertexIndex_param);
      gl_InstanceIndex = bitcast<i32>(gl_InstanceIndex_param);
      slot_flags = slot_flags_param;
      fg = fg_param;
      bg = bg_param;
      main_1();
      return main_out(gl_Position, uv, local_px, v_fg, v_bg, v_flags, v_lines);
    }
*/
static const uint8_t ui_grid_vs_source_wgsl[2253] = {
    0x64,0x69,0x61,0x67,0x6e,0x6f,0x73,0x74,0x69,0x63,0x28,0x6f,0x66,0x66,0x2c,0x20,
    0x64,0x65,0x72,0x69,0x76,0x61,0x74,0x69,0x76,0x65,0x5f,0x75,0x6e,0x69,0x66,0x6f,
    0x72,0x6d,0x69,0x74,0x79,0x29,0x3b,0x0a,0x0a,0x73,0x74,0x72,0x75,0x63,0x74,0x20,
    0x76,0x73,0x5f,0x70,0x61,0x72,0x61,0x6d,0x73,0x20,0x7b,0x0a,0x20,0x20,0x2f,0x2a,
    0x20,0x40,0x6f,0x66,0x66,0x73,0x65,0x74,0x28,0x30,0x29,0x20,0x2a,0x2f,0x0a,0x20,
    0x20,0x66,0x72,0x61,0x6d,0x65,0x20,0x3a,0x20,0x76,0x65,0x63,0x34,0x66,0x2c,0x0a,
    0x20,0x20,0x2f,0x2a,0x20,0x40,0x6f,0x66,0x66,0x73,0x65,0x74,0x28,0x31,0x36,0x29,
    0x20,0x2a,0x2f,0x0a,0x20,0x20,0x63,0x65,0x6c,0x6c,0x20,0x3a,0x20,0x76,0x65,0x63,
    0x34,0x66,0x2c,0x0a,0x20,0x20,0x2f,0x2a,0x20,0x40,0x6f,0x66,0x66,0x73,0x65,0x74,
    0x28,0x33,0x32,0x29,0x20,0x2a,0x2f,0x0a,0x20,0x20,0x61,0x74,0x6c,0x61,0x73,0x20,
    0x3a,0x20,0x76,0x65,0x63,0x34,0x66,0x2c,0x0a,0x20,0x20,0x2f,0x2a,0x20,0x40,0x6f,
    0x66,0x66,0x73,0x65,0x74,0x28,0x34,0x38,0x29,0x20,0x2a,0x2f,0x0a,0x20,0x20,0x6c,
    0x69,0x6e,0x65,0x73,0x20,0x3a,0x20,0x76,0x65,0x63,0x34,0x66,0x2c,0x0a,0x7d,0x0a,
    0x0a,0x76,0x61,0x72,0x3c,0x70,0x72,0x69,0x76,0x61,0x74,0x65,0x3e,0x20,0x67,0x6c,
    0x5f,0x56,0x65,0x72,0x74,0x65,0x78,0x49,0x6e,0x64,0x65,0x78,0x20,0x3a,0x20,0x69,
    0x33,0x32,0x3b,0x0a,0x0a,0x40,0x62,0x69,0x6e,0x64,0x69,0x6e,0x67,0x28,0x30,0x29,
    0x20,0x40,0x67,0x72,0x6f,0x75,0x70,0x28,0x30,0x29,0x20,0x76,0x61,0x72,0x3c,0x75,
    0x6e,0x69,0x66,0x6f,0x72,0x6d,0x3e,0x20,0x78,0x5f,0x35,0x32,0x20,0x3a,0x20,0x76,
    0x73,0x5f,0x70,0x61,0x72,0x61,0x6d,0x73,0x3b,0x0a,0x0a,0x76,0x61,0x72,0x3c,0x70,
    0x72,0x69,0x76,0x61,0x74,0x65,0x3e,0x20,0x67,0x6c,0x5f,0x49,0x6e,0x73,0x74,0x61,
    0x6e,0x63,0x65,0x49,0x6e,0x64,0x65,0x78,0x20,0x3a,0x20,0x69,0x33,0x32,0x3b,0x0a,
    0x0a,0x76,0x61,0x72,0x3c,0x70,0x72,0x69,0x76,0x61,0x74,0x65,0x3e,0x20,0x73,0x6c,
    0x6f,0x74,0x5f,0x66,0x6c,0x61,0x67,0x73,0x20,0x3a,0x20,0x76,0x65,0x63,0x32,0x75,
    0x3b,0x0a,0x0a,0x76,0x61,0x72,0x3c,0x70,0x72,0x69,0x76,0x61,0x74,0x65,0x3e,0x20,
    0x75,0x76,0x20,0x3a,0x20,0x76,0x65,0x63,0x32,0x66,0x3b,0x0a,0x0a,0x76,0x61,0x72,
    0x3c,0x70,0x72,0x69,0x76,0x61,0x74,0x65,0x3e,0x20,0x6c,0x6f,0x63,0x61,0x6c,0x5f,
    0x70,0x78,0x20,0x3a,0x20,0x76,0x65,0x63,0x32,0x66,0x3b,0x0a,0x0a,0x76,0x61,0x72,
    0x3c,0x70,0x72,0x69,0x76,0x61,0x74,0x65,0x3e,0x20,0x76,0x5f,0x66,0x67,0x20,0x3a,
    0x20,0x76,0x65,0x63,0x34,0x66,0x3b,0x0a,0x0a,0x76,0x61,0x72,0x3c,0x70,0x72,0x69,
    0x76,0x61,0x74,0x65,0x3e,0x20,0x66,0x67,0x20,0x3a,0x20,0x76,0x65,0x63,0x34,0x66,
    0x3b,0x0a,0x0a,0x76,0x61,0x72,0x3c,0x70,0x72,0x69,0x76,0x61,0x74,0x65,0x3e,0x20,
    0x76,0x5f,0x62,0x67,0x20,0x3a,0x20,0x76,0x65,0x63,0x34,0x66,0x3b,0x0a,0x0a,0x76,
    0x61,0x72,0x3c,0x70,0x72,0x69,0x76,0x61,0x74,0x65,0x3e,0x20,0x62,0x67,0x20,0x3a,
    0x20,0x76,0x65,0x63,0x34,0x66,0x3b,0x0a,0x0a,0x76,0x61,0x72,0x3c,0x70,0x72,0x69,
    0x76,0x61,0x74,0x65,0x3e,0x20,0x76,0x5f,0x66,0x6c,0x61,0x67,0x73,0x20,0x3a,0x20,
    0x66,0x33,0x32,0x3b,0x0a,0x0a,0x76,0x61,0x72,0x3c,0x70,0x72,0x69,0x76,0x61,0x74,
    0x65,0x3e,0x20,0x76,0x5f,0x6c,0x69,0x6e,0x65,0x73,0x20,0x3a,0x20,0x76,0x65,0x63,
    0x33,0x66,0x3b,0x0a,0x0a,0x76,0x61,0x72,0x3c,0x70,0x72,0x69,0x76,0x61,0x74,0x65,
    0x3e,0x20,0x67,0x6c,0x5f,0x50,0x6f,0x73,0x69,0x74,0x69,0x6f,0x6e,0x20,0x3a,0x20,
    0x76,0x65,0x63,0x34,0x66,0x3b,0x0a,0x0a,0x66,0x6e,0x20,0x6d,0x61,0x69,0x6e,0x5f,
    0x31,0x28,0x29,0x20,0x7b,0x0a,0x20,0x20,0x6c,0x65,0x74,0x20,0x78,0x5f,0x32,0x35,
    0x20,0x3d,0x20,0x28,0x67,0x6c,0x5f,0x56,0x65,0x72,0x74,0x65,0x78,0x49,0x6e,0x64,
    0x65,0x78,0x20,0x3d,0x3d,0x20,0x34,0x69,0x29,0x3b,0x0a,0x20,0x20,0x6c,0x65,0x74,
    0x20,0x78,0x5f,0x34,0x37,0x20,0x3d,0x20,0x76,0x65,0x63,0x32,0x66,0x28,0x73,0x65,
    0x6c,0x65,0x63,0x74,0x28,0x30,0x2e,0x30,0x66,0x2c,0x20,0x31,0x2e,0x30,0x66,0x2c,
    0x20,0x28,0x28,0x28,0x67,0x6c,0x5f,0x56,0x65,0x72,0x74,0x65,0x78,0x49,0x6e,0x64,
    0x65,0x78,0x20,0x3d,0x3d,0x20,0x31,0x69,0x29,0x20,0x7c,0x20,0x28,0x67,0x6c,0x5f,
    0x56,0x65,0x72,0x74,0x65,0x78,0x49,0x6e,0x64,0x65,0x78,0x20,0x3d,0x3d,0x20,0x33,
    0x69,0x29,0x29,0x20,0x7c,0x20,0x78,0x5f,0x32,0x35,0x29,0x29,0x2c,0x20,0x73,0x65,
    0x6c,0x65,0x63,0x74,0x28,0x30,0x2e,0x30,0x66,0x2c,0x20,0x31,0x2e,0x30,0x66,0x2c,
    0x20,0x28,0x28,0x28,0x67,0x6c,0x5f,0x56,0x65,0x72,0x74,0x65,0x78,0x49,0x6e,0x64,
    0x65,0x78,0x20,0x3d,0x3d,0x20,0x32,0x69,0x29,0x20,0x7c,0x20,0x78,0x5f,0x32,0x35,
    0x29,0x20,0x7c,0x20,0x28,0x67,0x6c,0x5f,0x56,0x65,0x72,0x74,0x65,0x78,0x49,0x6e,
    0x64,0x65,0x78,0x20,0x3d,0x3d,0x20,0x35,0x69,0x29,0x29,0x29,0x29,0x3b,0x0a,0x20,
    0x20,0x6c,0x65,0x74,0x20,0x78,0x5f,0x35,0x38,0x20,0x3d,0x20,0x69,0x33,0x32,0x28,
    0x78,0x5f,0x35,0x32,0x2e,0x63,0x65,0x6c,0x6c,0x2e,0x7a,0x29,0x3b,0x0a,0x20,0x20,
    0x6c,0x65,0x74,0x20,0x78,0x5f,0x38,0x33,0x20,0x3d,0x20,0x78,0x5f,0x35,0x32,0x2e,
    0x63,0x65,0x6c,0x6c,0x2e,0x78,0x79,0x3b,0x0a,0x20,0x20,0x6c,0x65,0x74,0x20,0x78,
    0x5f,0x38,0x35,0x20,0x3d,0x20,0x28,0x78,0x5f,0x35,0x32,0x2e,0x66,0x72,0x61,0x6d,
    0x65,0x2e,0x7a,0x77,0x20,0x2b,0x20,0x28,0x28,0x76,0x65,0x63,0x32,0x66,0x28,0x66,
    0x33,0x32,0x28,0x28,0x67,0x6c,0x5f,0x49,0x6e,0x73,0x74,0x61,0x6e,0x63,0x65,0x49,
    0x6e,0x64,0x65,0x78,0x20,0x25,0x20,0x78,0x5f,0x35,0x38,0x29,0x29,0x2c,0x20,0x66,
    0x33,0x32,0x28,0x28,0x67,0x6c,0x5f,0x49,0x6e,0x73,0x74,0x61,0x6e,0x63,0x65,0x49,
    0x6e,0x64,0x65,0x78,0x20,0x2f,0x20,0x78,0x5f,0x35,0x38,0x29,0x29,0x29,0x20,0x2b,
    0x20,0x78,0x5f,0x34,0x37,0x29,0x20,0x2a,0x20,0x78,0x5f,0x38,0x33,0x29,0x29,0x3b,
    0x0a,0x20,0x20,0x67,0x6c,0x5f,0x50,0x6f,0x73,0x69,0x74,0x69,0x6f,0x6e,0x20,0x3d,
    0x20,0x76,0x65,0x63,0x34,0x66,0x28,0x28,0x28,0x28,0x78,0x5f,0x38,0x35,0x2e,0x78,
    0x20,0x2f,0x20,0x78,0x5f,0x35,0x32,0x2e,0x66,0x72,0x61,0x6d,0x65,0x2e,0x78,0x29,
    0x20,0x2a,0x20,0x32,0x2e,0x30,0x66,0x29,0x20,0x2d,0x20,0x31,0x2e,0x30,0x66,0x29,
    0x2c,0x20,0x28,0x31,0x2e,0x30,0x66,0x20,0x2d,0x20,0x28,0x28,0x78,0x5f,0x38,0x35,
    0x2e,0x79,0x20,0x2f,0x20,0x78,0x5f,0x35,0x32,0x2e,0x66,0x72,0x61,0x6d,0x65,0x2e,
    0x79,0x29,0x20,0x2a,0x20,0x32,0x2e,0x30,0x66,0x29,0x29,0x2c,0x20,0x30,0x2e,0x30,
    0x66,0x2c,0x20,0x31,0x2e,0x30,0x66,0x29,0x3b,0x0a,0x20,0x20,0x6c,0x65,0x74,0x20,
    0x78,0x5f,0x31,0x32,0x32,0x20,0x3d,0x20,0x62,0x69,0x74,0x63,0x61,0x73,0x74,0x3c,
    0x69,0x33,0x32,0x3e,0x28,0x73,0x6c,0x6f,0x74,0x5f,0x66,0x6c,0x61,0x67,0x73,0x2e,
    0x78,0x29,0x3b,0x0a,0x20,0x20,0x6c,0x65,0x74,0x20,0x78,0x5f,0x31,0x32,0x37,0x20,
    0x3d,0x20,0x69,0x33,0x32,0x28,0x78,0x5f,0x35,0x32,0x2e,0x63,0x65,0x6c,0x6c,0x2e,
    0x77,0x29,0x3b,0x0a,0x20,0x20,0x75,0x76,0x20,0x3d,0x20,0x28,0x28,0x28,0x76,0x65,
    0x63,0x32,0x66,0x28,0x66,0x33,0x32,0x28,0x28,0x78,0x5f,0x31,0x32,0x32,0x20,0x25,
    0x20,0x78,0x5f,0x31,0x32,0x37,0x29,0x29,0x2c,0x20,0x66,0x33,0x32,0x28,0x28,0x78,
    0x5f,0x31,0x32,0x32,0x20,0x2f,0x20,0x78,0x5f,0x31,0x32,0x37,0x29,0x29,0x29,0x20,
    0x2b,0x20,0x78,0x5f,0x34,0x37,0x29,0x20,0x2a,0x20,0x78,0x5f,0x38,0x33,0x29,0x20,
    0x2f,0x20,0x78,0x5f,0x35,0x32,0x2e,0x61,0x74,0x6c,0x61,0x73,0x2e,0x78,0x79,0x29,
    0x3b,0x0a,0x20,0x20,0x6c,0x6f,0x63,0x61,0x6c,0x5f,0x70,0x78,0x20,0x3d,0x20,0x28,
    0x78,0x5f,0x34,0x37,0x20,0x2a,0x20,0x78,0x5f,0x38,0x33,0x29,0x3b,0x0a,0x20,0x20,
    0x76,0x5f,0x66,0x67,0x20,0x3d,0x20,0x66,0x67,0x3b,0x0a,0x20,0x20,0x76,0x5f,0x62,
    0x67,0x20,0x3d,0x20,0x62,0x67,0x3b,0x0a,0x20,0x20,0x76,0x5f,0x66,0x6c,0x61,0x67,
    0x73,0x20,0x3d,0x20,0x66,0x33,0x32,0x28,0x73,0x6c,0x6f,0x74,0x5f,0x66,0x6c,0x61,
    0x67,0x73,0x2e,0x79,0x29,0x3b,0x0a,0x20,0x20,0x76,0x5f,0x6c,0x69,0x6e,0x65,0x73,
    0x20,0x3d,0x20,0x78,0x5f,0x35,0x32,0x2e,0x6c,0x69,0x6e,0x65,0x73,0x2e,0x78,0x79,
    0x7a,0x3b,0x0a,0x20,0x20,0x72,0x65,0x74,0x75,0x72,0x6e,0x3b,0x0a,0x7d,0x0a,0x0a,
    0x73,0x74,0x72,0x75,0x63,0x74,0x20,0x6d,0x61,0x69,0x6e,0x5f,0x6f,0x75,0x74,0x20,
    0x7b,0x0a,0x20,0x20,0x40,0x62,0x75,0x69,0x6c,0x74,0x69,0x6e,0x28,0x70,0x6f,0x73,
    0x69,0x74,0x69,0x6f,0x6e,0x29,0x0a,0x20,0x20,0x67,0x6c,0x5f,0x50,0x6f,0x73,0x69,
    0x74,0x69,0x6f,0x6e,0x20,0x3a,0x20,0x76,0x65,0x63,0x34,0x66,0x2c,0x0a,0x20,0x20,
    0x40,0x6c,0x6f,0x63,0x61,0x74,0x69,0x6f,0x6e,0x28,0x30,0x29,0x0a,0x20,0x20,0x75,
    0x76,0x5f,0x31,0x20,0x3a,0x20,0x76,0x65,0x63,0x32,0x66,0x2c,0x0a,0x20,0x20,0x40,
    0x6c,0x6f,0x63,0x61,0x74,0x69,0x6f,0x6e,0x28,0x31,0x29,0x0a,0x20,0x20,0x6c,0x6f,
    0x63,0x61,0x6c,0x5f,0x70,0x78,0x5f,0x31,0x20,0x3a,0x20,0x76,0x65,0x63,0x32,0x66,
    0x2c,0x0a,0x20,0x20,0x40,0x6c,0x6f,0x63,0x61,0x74,0x69,0x6f,0x6e,0x28,0x32,0x29,
    0x0a,0x20,0x20,0x76,0x5f,0x66,0x67,0x5f,0x31,0x20,0x3a,0x20,0x76,0x65,0x63,0x34,
    0x66,0x2c,0x0a,0x20,0x20,0x40,0x6c,0x6f,0x63,0x61,0x74,0x69,0x6f,0x6e,0x28,0x33,
    0x29,0x0a,0x20,0x20,0x76,0x5f,0x62,0x67,0x5f,0x31,0x20,0x3a,0x20,0x76,0x65,0x63,
    0x34,0x66,0x2c,0x0a,0x20,0x20,0x40,0x6c,0x6f,0x63,0x61,0x74,0x69,0x6f,0x6e,0x28,
    0x34,0x29,0x0a,0x20,0x20,0x76,0x5f,0x66,0x6c,0x61,0x67,0x73,0x5f,0x31,0x20,0x3a,
    0x20,0x66,0x33,0x32,0x2c,0x0a,0x20,0x20,0x40,0x6c,0x6f,0x63,0x61,0x74,0x69,0x6f,
    0x6e,0x28,0x35,0x29,0x0a,0x20,0x20,0x76,0x5f,0x6c,0x69,0x6e,0x65,0x73,0x5f,0x31,
    0x20,0x3a,0x20,0x76,0x65,0x63,0x33,0x66,0x2c,0x0a,0x7d,0x0a,0x0a,0x40,0x76,0x65,
    0x72,0x74,0x65,0x78,0x0a,0x66,0x6e,0x20,0x6d,0x61,0x69,0x6e,0x28,0x40,0x62,0x75,
    0x69,0x6c,0x74,0x69,0x6e,0x28,0x76,0x65,0x72,0x74,0x65,0x78,0x5f,0x69,0x6e,0x64,
    0x65,0x78,0x29,0x20,0x67,0x6c,0x5f,0x56,0x65,0x72,0x74,0x65,0x78,0x49,0x6e,0x64,
    0x65,0x78,0x5f,0x70,0x61,0x72,0x61,0x6d,0x20,0x3a,0x20,0x75,0x33,0x32,0x2c,0x20,
    0x40,0x62,0x75,0x69,0x6c,0x74,0x69,0x6e,0x28,0x69,0x6e,0x73,0x74,0x61,0x6e,0x63,
    0x65,0x5f,0x69,0x6e,0x64,0x65,0x78,0x29,0x20,0x67,0x6c,0x5f,0x49,0x6e,0x73,0x74,
    0x61,0x6e,0x63,0x65,0x49,0x6e,0x64,0x65,0x78,0x5f,0x70,0x61,0x72,0x61,0x6d,0x20,
    0x3a,0x20,0x75,0x33,0x32,0x2c,0x20,0x40,0x6c,0x6f,0x63,0x61,0x74,0x69,0x6f,0x6e,
    0x28,0x30,0x29,0x20,0x40,0x69,0x6e,0x74,0x65,0x72,0x70,0x6f,0x6c,0x61,0x74,0x65,
    0x28,0x66,0x6c,0x61,0x74,0x29,0x20,0x73,0x6c,0x6f,0x74,0x5f,0x66,0x6c,0x61,0x67,
    0x73,0x5f,0x70,0x61,0x72,0x61,0x6d,0x20,0x3a,0x20,0x76,0x65,0x63,0x32,0x75,0x2c,
    0x20,0x40,0x6c,0x6f,0x63,0x61,0x74,0x69,0x6f,0x6e,0x28,0x31,0x29,0x20,0x66,0x67,
    0x5f,0x70,0x61,0x72,0x61,0x6d,0x20,0x3a,0x20,0x76,0x65,0x63,0x34,0x66,0x2c,0x20,
    0x40,0x6c,0x6f,0x63,0x61,0x74,0x69,0x6f,0x6e,0x28,0x32,0x29,0x20,0x62,0x67,0x5f,
    0x70,0x61,0x72,0x61,0x6d,0x20,0x3a,0x20,0x76,0x65,0x63,0x34,0x66,0x29,0x20,0x2d,
    0x3e,0x20,0x6d,0x61,0x69,0x6e,0x5f,0x6f,0x75,0x74,0x20,0x7b,0x0a,0x20,0x20,0x67,
    0x6c,0x5f,0x56,0x65,0x72,0x74,0x65,0x78,0x49,0x6e,0x64,0x65,0x78,0x20,0x3d,0x20,
    0x62,0x69,0x74,0x63,0x61,0x73,0x74,0x3c,0x69,0x33,0x32,0x3e,0x28,0x67,0x6c,0x5f,
    0x56,0x65,0x72,0x74,0x65,0x78,0x49,0x6e,0x64,0x65,0x78,0x5f,0x70,0x61,0x72,0x61,
    0x6d,0x29,0x3b,0x0a,0x20,0x20,0x67,0x6c,0x5f,0x49,0x6e,0x73,0x74,0x61,0x6e,0x63,
    0x65,0x49,0x6e,0x64,0x65,0x78,0x20,0x3d,0x20,0x62,0x69,0x74,0x63,0x61,0x73,0x74,
    0x3c,0x69,0x33,0x32,0x3e,0x28,0x67,0x6c,0x5f,0x49,0x6e,0x73,0x74,0x61,0x6e,0x63,
    0x65,0x49,0x6e,0x64,0x65,0x78,0x5f,0x70,0x61,0x72,0x61,0x6d,0x29,0x3b,0x0a,0x20,
    0x20,0x73,0x6c,0x6f,0x74,0x5f,0x66,0x6c,0x61,0x67,0x73,0x20,0x3d,0x20,0x73,0x6c,
    0x6f,0x74,0x5f,0x66,0x6c,0x61,0x67,0x73,0x5f,0x70,0x61,0x72,0x61,0x6d,0x3b,0x0a,
    0x20,0x20,0x66,0x67,0x20,0x3d,0x20,0x66,0x67,0x5f,0x70,0x61,0x72,0x61,0x6d,0x3b,
    0x0a,0x20,0x20,0x62,0x67,0x20,0x3d,0x20,0x62,0x67,0x5f,0x70,0x61,0x72,0x61,0x6d,
    0x3b,0x0a,0x20,0x20,0x6d,0x61,0x69,0x6e,0x5f,0x31,0x28,0x29,0x3b,0x0a,0x20,0x20,
    0x72,0x65,0x74,0x75,0x72,0x6e,0x20,0x6d,0x61,0x69,0x6e,0x5f,0x6f,0x75,0x74,0x28,
    0x67,0x6c,0x5f,0x50,0x6f,0x73,0x69,0x74,0x69,0x6f,0x6e,0x2c,0x20,0x75,0x76,0x2c,
    0x20,0x6c,0x6f,0x63,0x61,0x6c,0x5f,0x70,0x78,0x2c,0x20,0x76,0x5f,0x66,0x67,0x2c,
    0x20,0x76,0x5f,0x62,0x67,0x2c,0x20,0x76,0x5f,0x66,0x6c,0x61,0x67,0x73,0x2c,0x20,
    0x76,0x5f,0x6c,0x69,0x6e,0x65,0x73,0x29,0x3b,0x0a,0x7d,0x0a,0x00,
};
/*
    diagnostic(off, derivative_uniformity);

    var<private> v_flags : f32;

    var<private> frag_color : vec4f;

    @binding(0) @group(1) var atlas_tex : texture_2d<f32>;

    @binding(32) @group(1) var atlas_smp : sampler;

    var<private> uv : vec2f;

    var<private> local_px : vec2f;

    var<private> v_lines : vec3f;

    var<private> v_bg : vec4f;

    var<private> v_fg : vec4f;

    fn flag_f1_(b : ptr<function, f32>) -> bool {
      let x_15 = v_flags;
      let x_16 = *(b);
      return ((floor((x_15 / x_16)) - (2.0f * floor((floor((x_15 / x_16)) / 2.0f)))) >= 1.0f);
    }

    fn main_1() {
      var param : f32;
      var cov : f32;
      var param_1 : f32;
      var param_2 : f32;
      var x_71 : bool;
      var x_72 : bool;
      var x_82 : bool;
      var x_83 : bool;
      var x_93 : bool;
      var x_94 : bool;
      var x_103 : bool;
      var x_104 : bool;
      param = 16.0f;
      let x_27 = flag_f1_(&(param));
      if (x_27) {
        frag_color = vec4f();
        return;
      }
      let x_50 = uv;
      let x_51 = textureSample(atlas_tex, atlas_smp, x_50);
      cov = x_51.x;
      let x_60 = floor(local_px.y);
      param_1 = 1.0f;
      let x_62 = flag_f1_(&(param_1));
      x_72 = x_62;
      if (x_62) {
        x_71 = (x_60 >= v_lines.x);
        x_72 = x_71;
      }
      x_83 = x_72;
      if (x_72) {
        x_82 = (x_60 < (v_lines.x + v_lines.z));
        x_83 = x_82;
      }
      if (x_83) {
        cov = 1.0f;
      }
      param_2 = 2.0f;
      let x_87 = flag_f1_(&(param_2));
      x_94 = x_87;
      if (x_87) {
        x_93 = (x_60 >= v_lines.y);
        x_94 = x_93;
      }
      x_104 = x_94;
      if (x_94) {
        x_103 = (x_60 < (v_lines.y + v_lines.z));
        x_104 = x_103;
      }
      if (x_104) {
        cov = 1.0f;
      }
      let x_115 = v_bg.w;
      let x_116 = (v_bg.xyz * x_115);
      let x_128 = v_fg.w;
      let x_129 = (v_fg.xyz * x_128);
      frag_color = mix(vec4f(x_116.x, x_116.y, x_116.z, x_115), vec4f(x_129.x, x_129.y, x_129.z, x_128), vec4f(cov));
      return;
    }

    struct main_out {
      @location(0)
      frag_color_1 : vec4f,
    }

    @fragment
    fn main(@location(4) v_flags_param : f32, @location(0) uv_param : vec2f, @location(1) local_px_param : vec2f, @location(5) v_lines_param : vec3f, @location(3) v_bg_param : vec4f, @location(2) v_fg_param : vec4f) -> main_out {
      v_flags = v_flags_param;
      uv = uv_param;
      local_px = local_px_param;
      v_lines = v_lines_param;
      v_bg = v_bg_param;
      v_fg = v_fg_param;
      main_1();
      return main_out(frag_color);
    }
*/
static const uint8_t ui_grid_fs_source_wgsl[2264] = {
    0x64,0x69,0x61,0x67,0x6e,0x6f,0x73,0x74,0x69,0x63,0x28,0x6f,0x66,0x66,0x2c,0x20,
    0x64,0x65,0x72,0x69,0x76,0x61,0x74,0x69,0x76,0x65,0x5f,0x75,0x6e,0x69,0x66,0x6f,
    0x72,0x6d,0x69,0x74,0x79,0x29,0x3b,0x0a,0x0a,0x76,0x61,0x72,0x3c,0x70,0x72,0x69,
    0x76,0x61,0x74,0x65,0x3e,0x20,0x76,0x5f,0x66,0x6c,0x61,0x67,0x73,0x20,0x3a,0x20,
    0x66,0x33,0x32,0x3b,0x0a,0x0a,0x76,0x61,0x72,0x3c,0x70,0x72,0x69,0x76,0x61,0x74,
    0x65,0x3e,0x20,0x66,0x72,0x61,0x67,0x5f,0x63,0x6f,0x6c,0x6f,0x72,0x20,0x3a,0x20,
    0x76,0x65,0x63,0x34,0x66,0x3b,0x0a,0x0a,0x40,0x62,0x69,0x6e,0x64,0x69,0x6e,0x67,
    0x28,0x30,0x29,0x20,0x40,0x67,0x72,0x6f,0x75,0x70,0x28,0x31,0x29,0x20,0x76,0x61,
    0x72,0x20,0x61,0x74,0x6c,0x61,0x73,0x5f,0x74,0x65,0x78,0x20,0x3a,0x20,0x74,0x65,
    0x78,0x74,0x75,0x72,0x65,0x5f,0x32,0x64,0x3c,0x66,0x33,0x32,0x3e,0x3b,0x0a,0x0a,
    0x40,0x62,0x69,0x6e,0x64,0x69,0x6e,0x67,0x28,0x33,0x32,0x29,0x20,0x40,0x67,0x72,
    0x6f,0x75,0x70,0x28,0x31,0x29,0x20,0x76,0x61,0x72,0x20,0x61,0x74,0x6c,0x61,0x73,
    0x5f,0x73,0x6d,0x70,0x20,0x3a,0x20,0x73,0x61,0x6d,0x70,0x6c,0x65,0x72,0x3b,0x0a,
    0x0a,0x76,0x61,0x72,0x3c,0x70,0x72,0x69,0x76,0x61,0x74,0x65,0x3e,0x20,0x75,0x76,
    0x20,0x3a,0x20,0x76,0x65,0x63,0x32,0x66,0x3b,0x0a,0x0a,0x76,0x61,0x72,0x3c,0x70,
    0x72,0x69,0x76,0x61,0x74,0x65,0x3e,0x20,0x6c,0x6f,0x63,0x61,0x6c,0x5f,0x70,0x78,
    0x20,0x3a,0x20,0x76,0x65,0x63,0x32,0x66,0x3b,0x0a,0x0a,0x76,0x61,0x72,0x3c,0x70,
    0x72,0x69,0x76,0x61,0x74,0x65,0x3e,0x20,0x76,0x5f,0x6c,0x69,0x6e,0x65,0x73,0x20,
    0x3a,0x20,0x76,0x65,0x63,0x33,0x66,0x3b,0x0a,0x0a,0x76,0x61,0x72,0x3c,0x70,0x72,
    0x69,0x76,0x61,0x74,0x65,0x3e,0x20,0x76,0x5f,0x62,0x67,0x20,0x3a,0x20,0x76,0x65,
    0x63,0x34,0x66,0x3b,0x0a,0x0a,0x76,0x61,0x72,0x3c,0x70,0x72,0x69,0x76,0x61,0x74,
    0x65,0x3e,0x20,0x76,0x5f,0x66,0x67,0x20,0x3a,0x20,0x76,0x65,0x63,0x34,0x66,0x3b,
    0x0a,0x0a,0x66,0x6e,0x20,0x66,0x6c,0x61,0x67,0x5f,0x66,0x31,0x5f,0x28,0x62,0x20,
    0x3a,0x20,0x70,0x74,0x72,0x3c,0x66,0x75,0x6e,0x63,0x74,0x69,0x6f,0x6e,0x2c,0x20,
    0x66,0x33,0x32,0x3e,0x29,0x20,0x2d,0x3e,0x20,0x62,0x6f,0x6f,0x6c,0x20,0x7b,0x0a,
    0x20,0x20,0x6c,0x65,0x74,0x20,0x78,0x5f,0x31,0x35,0x20,0x3d,0x20,0x76,0x5f,0x66,
    0x6c,0x61,0x67,0x73,0x3b,0x0a,0x20,0x20,0x6c,0x65,0x74,0x20,0x78,0x5f,0x31,0x36,
    0x20,0x3d,0x20,0x2a,0x28,0x62,0x29,0x3b,0x0a,0x20,0x20,0x72,0x65,0x74,0x75,0x72,
    0x6e,0x20,0x28,0x28,0x66,0x6c,0x6f,0x6f,0x72,0x28,0x28,0x78,0x5f,0x31,0x35,0x20,
    0x2f,0x20,0x78,0x5f,0x31,0x36,0x29,0x29,0x20,0x2d,0x20,0x28,0x32,0x2e,0x30,0x66,
    0x20,0x2a,0x20,0x66,0x6c,0x6f,0x6f,0x72,0x28,0x28,0x66,0x6c,0x6f,0x6f,0x72,0x28,
    0x28,0x78,0x5f,0x31,0x35,0x20,0x2f,0x20,0x78,0x5f,0x31,0x36,0x29,0x29,0x20,0x2f,
    0x20,0x32,0x2e,0x30,0x66,0x29,0x29,0x29,0x29,0x20,0x3e,0x3d,0x20,0x31,0x2e,0x30,
    0x66,0x29,0x3b,0x0a,0x7d,0x0a,0x0a,0x66,0x6e,0x20,0x6d,0x61,0x69,0x6e,0x5f,0x31,
    0x28,0x29,0x20,0x7b,0x0a,0x20,0x20,0x76,0x61,0x72,0x20,0x70,0x61,0x72,0x61,0x6d,
    0x20,0x3a,0x20,0x66,0x33,0x32,0x3b,0x0a,0x20,0x20,0x76,0x61,0x72,0x20,0x63,0x6f,
    0x76,0x20,0x3a,0x20,0x66,0x33,0x32,0x3b,0x0a,0x20,0x20,0x76,0x61,0x72,0x20,0x70,
    0x61,0x72,0x61,0x6d,0x5f,0x31,0x20,0x3a,0x20,0x66,0x33,0x32,0x3b,0x0a,0x20,0x20,
    0x76,0x61,0x72,0x20,0x70,0x61,0x72,0x61,0x6d,0x5f,0x32,0x20,0x3a,0x20,0x66,0x33,
    0x32,0x3b,0x0a,0x20,0x20,0x76,0x61,0x72,0x20,0x78,0x5f,0x37,0x31,0x20,0x3a,0x20,
    0x62,0x6f,0x6f,0x6c,0x3b,0x0a,0x20,0x20,0x76,0x61,0x72,0x20,0x78,0x5f,0x37,0x32,
    0x20,0x3a,0x20,0x62,0x6f,0x6f,0x6c,0x3b,0x0a,0x20,0x20,0x76,0x61,0x72,0x20,0x78,
    0x5f,0x38,0x32,0x20,0x3a,0x20,0x62,0x6f,0x6f,0x6c,0x3b,0x0a,0x20,0x20,0x76,0x61,
    0x72,0x20,0x78,0x5f,0x38,0x33,0x20,0x3a,0x20,0x62,0x6f,0x6f,0x6c,0x3b,0x0a,0x20,
    0x20,0x76,0x61,0x72,0x20,0x78,0x5f,0x39,0x33,0x20,0x3a,0x20,0x62,0x6f,0x6f,0x6c,
    0x3b,0x0a,0x20,0x20,0x76,0x61,0x72,0x20,0x78,0x5f,0x39,0x34,0x20,0x3a,0x20,0x62,
    0x6f,0x6f,0x6c,0x3b,0x0a,0x20,0x20,0x76,0x61,0x72,0x20,0x78,0x5f,0x31,0x30,0x33,
    0x20,0x3a,0x20,0x62,0x6f,0x6f,0x6c,0x3b,0x0a,0x20,0x20,0x76,0x61,0x72,0x20,0x78,
    0x5f,0x31,0x30,0x34,0x20,0x3a,0x20,0x62,0x6f,0x6f,0x6c,0x3b,0x0a,0x20,0x20,0x70,
    0x61,0x72,0x61,0x6d,0x20,0x3d,0x20,0x31,0x36,0x2e,0x30,0x66,0x3b,0x0a,0x20,0x20,
    0x6c,0x65,0x74,0x20,0x78,0x5f,0x32,0x37,0x20,0x3d,0x20,0x66,0x6c,0x61,0x67,0x5f,
    0x66,0x31,0x5f,0x28,0x26,0x28,0x70,0x61,0x72,0x61,0x6d,0x29,0x29,0x3b,0x0a,0x20,
    0x20,0x69,0x66,0x20,0x28,0x78,0x5f,0x32,0x37,0x29,0x20,0x7b,0x0a,0x20,0x20,0x20,
    0x20,0x66,0x72,0x61,0x67,0x5f,0x63,0x6f,0x6c,0x6f,0x72,0x20,0x3d,0x20,0x76,0x65,
    0x63,0x34,0x66,0x28,0x29,0x3b,0x0a,0x20,0x20,0x20,0x20,0x72,0x65,0x74,0x75,0x72,
    0x6e,0x3b,0x0a,0x20,0x20,0x7d,0x0a,0x20,0x20,0x6c,0x65,0x74,0x20,0x78,0x5f,0x35,
    0x30,0x20,0x3d,0x20,0x75,0x76,0x3b,0x0a,0x20,0x20,0x6c,0x65,0x74,0x20,0x78,0x5f,
    0x35,0x31,0x20,0x3d,0x20,0x74,0x65,0x78,0x74,0x75,0x72,0x65,0x53,0x61,0x6d,0x70,
    0x6c,0x65,0x28,0x61,0x74,0x6c,0x61,0x73,0x5f,0x74,0x65,0x78,0x2c,0x20,0x61,0x74,
    0x6c,0x61,0x73,0x5f,0x73,0x6d,0x70,0x2c,0x20,0x78,0x5f,0x35,0x30,0x29,0x3b,0x0a,
    0x20,0x20,0x63,0x6f,0x76,0x20,0x3d,0x20,0x78,0x5f,0x35,0x31,0x2e,0x78,0x3b,0x0a,
    0x20,0x20,0x6c,0x65,0x74,0x20,0x78,0x5f,0x36,0x30,0x20,0x3d,0x20,0x66,0x6c,0x6f,
    0x6f,0x72,0x28,0x6c,0x6f,0x63,0x61,0x6c,0x5f,0x70,0x78,0x2e,0x79,0x29,0x3b,0x0a,
    0x20,0x20,0x70,0x61,0x72,0x61,0x6d,0x5f,0x31,0x20,0x3d,0x20,0x31,0x2e,0x30,0x66,
    0x3b,0x0a,0x20,0x20,0x6c,0x65,0x74,0x20,0x78,0x5f,0x36,0x32,0x20,0x3d,0x20,0x66,
    0x6c,0x61,0x67,0x5f,0x66,0x31,0x5f,0x28,0x26,0x28,0x70,0x61,0x72,0x61,0x6d,0x5f,
    0x31,0x29,0x29,0x3b,0x0a,0x20,0x20,0x78,0x5f,0x37,0x32,0x20,0x3d,0x20,0x78,0x5f,
    0x36,0x32,0x3b,0x0a,0x20,0x20,0x69,0x66,0x20,0x28,0x78,0x5f,0x36,0x32,0x29,0x20,
    0x7b,0x0a,0x20,0x20,0x20,0x20,0x78,0x5f,0x37,0x31,0x20,0x3d,0x20,0x28,0x78,0x5f,
    0x36,0x30,0x20,0x3e,0x3d,0x20,0x76,0x5f,0x6c,0x69,0x6e,0x65,0x73,0x2e,0x78,0x29,
    0x3b,0x0a,0x20,0x20,0x20,0x20,0x78,0x5f,0x37,0x32,0x20,0x3d,0x20,0x78,0x5f,0x37,
    0x31,0x3b,0x0a,0x20,0x20,0x7d,0x0a,0x20,0x20,0x78,0x5f,0x38,0x33,0x20,0x3d,0x20,
    0x78,0x5f,0x37,0x32,0x3b,0x0a,0x20,0x20,0x69,0x66,0x20,0x28,0x78,0x5f,0x37,0x32,
    0x29,0x20,0x7b,0x0a,0x20,0x20,0x20,0x20,0x78,0x5f,0x38,0x32,0x20,0x3d,0x20,0x28,
    0x78,0x5f,0x36,0x30,0x20,0x3c,0x20,0x28,0x76,0x5f,0x6c,0x69,0x6e,0x65,0x73,0x2e,
    0x78,0x20,0x2b,0x20,0x76,0x5f,0x6c,0x69,0x6e,0x65,0x73,0x2e,0x7a,0x29,0x29,0x3b,
    0x0a,0x20,0x20,0x20,0x20,0x78,0x5f,0x38,0x33,0x20,0x3d,0x20,0x78,0x5f,0x38,0x32,
    0x3b,0x0a,0x20,0x20,0x7d,0x0a,0x20,0x20,0x69,0x66,0x20,0x28,0x78,0x5f,0x38,0x33,
    0x29,0x20,0x7b,0x0a,0x20,0x20,0x20,0x20,0x63,0x6f,0x76,0x20,0x3d,0x20,0x31,0x2e,
    0x30,0x66,0x3b,0x0a,0x20,0x20,0x7d,0x0a,0x20,0x20,0x70,0x61,0x72,0x61,0x6d,0x5f,
    0x32,0x20,0x3d,0x20,0x32,0x2e,0x30,0x66,0x3b,0x0a,0x20,0x20,0x6c,0x65,0x74,0x20,
    0x78,0x5f,0x38,0x37,0x20,0x3d,0x20,0x66,0x6c,0x61,0x67,0x5f,0x66,0x31,0x5f,0x28,
    0x26,0x28,0x70,0x61,0x72,0x61,0x6d,0x5f,0x32,0x29,0x29,0x3b,0x0a,0x20,0x20,0x78,
    0x5f,0x39,0x34,0x20,0x3d,0x20,0x78,0x5f,0x38,0x37,0x3b,0x0a,0x20,0x20,0x69,0x66,
    0x20,0x28,0x78,0x5f,0x38,0x37,0x29,0x20,0x7b,0x0a,0x20,0x20,0x20,0x20,0x78,0x5f,
    0x39,0x33,0x20,0x3d,0x20,0x28,0x78,0x5f,0x36,0x30,0x20,0x3e,0x3d,0x20,0x76,0x5f,
    0x6c,0x69,0x6e,0x65,0x73,0x2e,0x79,0x29,0x3b,0x0a,0x20,0x20,0x20,0x20,0x78,0x5f,
    0x39,0x34,0x20,0x3d,0x20,0x78,0x5f,0x39,0x33,0x3b,0x0a,0x20,0x20,0x7d,0x0a,0x20,
    0x20,0x78,0x5f,0x31,0x30,0x34,0x20,0x3d,0x20,0x78,0x5f,0x39,0x34,0x3b,0x0a,0x20,
    0x20,0x69,0x66,0x20,0x28,0x78,0x5f,0x39,0x34,0x29,0x20,0x7b,0x0a,0x20,0x20,0x20,
    0x20,0x78,0x5f,0x31,0x30,0x33,0x20,0x3d,0x20,0x28,0x78,0x5f,0x36,0x30,0x20,0x3c,
    0x20,0x28,0x76,0x5f,0x6c,0x69,0x6e,0x65,0x73,0x2e,0x79,0x20,0x2b,0x20,0x76,0x5f,
    0x6c,0x69,0x6e,0x65,0x73,0x2e,0x7a,0x29,0x29,0x3b,0x0a,0x20,0x20,0x20,0x20,0x78,
    0x5f,0x31,0x30,0x34,0x20,0x3d,0x20,0x78,0x5f,0x31,0x30,0x33,0x3b,0x0a,0x20,0x20,
    0x7d,0x0a,0x20,0x20,0x69,0x66,0x20,0x28,0x78,0x5f,0x31,0x30,0x34,0x29,0x20,0x7b,
    0x0a,0x20,0x20,0x20,0x20,0x63,0x6f,0x76,0x20,0x3d,0x20,0x31,0x2e,0x30,0x66,0x3b,
    0x0a,0x20,0x20,0x7d,0x0a,0x20,0x20,0x6c,0x65,0x74,0x20,0x78,0x5f,0x31,0x31,0x35,
    0x20,0x3d,0x20,0x76,0x5f,0x62,0x67,0x2e,0x77,0x3b,0x0a,0x20,0x20,0x6c,0x65,0x74,
    0x20,0x78,0x5f,0x31,0x31,0x36,0x20,0x3d,0x20,0x28,0x76,0x5f,0x62,0x67,0x2e,0x78,
    0x79,0x7a,0x20,0x2a,0x20,0x78,0x5f,0x31,0x31,0x35,0x29,0x3b,0x0a,0x20,0x20,0x6c,
    0x65,0x74,0x20,0x78,0x5f,0x31,0x32,0x38,0x20,0x3d,0x20,0x76,0x5f,0x66,0x67,0x2e,
    0x77,0x3b,0x0a,0x20,0x20,0x6c,0x65,0x74,0x20,0x78,0x5f,0x31,0x32,0x39,0x20,0x3d,
    0x20,0x28,0x76,0x5f,0x66,0x67,0x2e,0x78,0x79,0x7a,0x20,0x2a,0x20,0x78,0x5f,0x31,
    0x32,0x38,0x29,0x3b,0x0a,0x20,0x20,0x66,0x72,0x61,0x67,0x5f,0x63,0x6f,0x6c,0x6f,
    0x72,0x20,0x3d,0x20,0x6d,0x69,0x78,0x28,0x76,0x65,0x63,0x34,0x66,0x28,0x78,0x5f,
    0x31,0x31,0x36,0x2e,0x78,0x2c,0x20,0x78,0x5f,0x31,0x31,0x36,0x2e,0x79,0x2c,0x20,
    0x78,0x5f,0x31,0x31,0x36,0x2e,0x7a,0x2c,0x20,0x78,0x5f,0x31,0x31,0x35,0x29,0x2c,
    0x20,0x76,0x65,0x63,0x34,0x66,0x28,0x78,0x5f,0x31,0x32,0x39,0x2e,0x78,0x2c,0x20,
    0x78,0x5f,0x31,0x32,0x39,0x2e,0x79,0x2c,0x20,0x78,0x5f,0x31,0x32,0x39,0x2e,0x7a,
    0x2c,0x20,0x78,0x5f,0x31,0x32,0x38,0x29,0x2c,0x20,0x76,0x65,0x63,0x34,0x66,0x28,
    0x63,0x6f,0x76,0x29,0x29,0x3b,0x0a,0x20,0x20,0x72,0x65,0x74,0x75,0x72,0x6e,0x3b,
    0x0a,0x7d,0x0a,0x0a,0x73,0x74,0x72,0x75,0x63,0x74,0x20,0x6d,0x61,0x69,0x6e,0x5f,
    0x6f,0x75,0x74,0x20,0x7b,0x0a,0x20,0x20,0x40,0x6c,0x6f,0x63,0x61,0x74,0x69,0x6f,
    0x6e,0x28,0x30,0x29,0x0a,0x20,0x20,0x66,0x72,0x61,0x67,0x5f,0x63,0x6f,0x6c,0x6f,
    0x72,0x5f,0x31,0x20,0x3a,0x20,0x76,0x65,0x63,0x34,0x66,0x2c,0x0a,0x7d,0x0a,0x0a,
    0x40,0x66,0x72,0x61,0x67,0x6d,0x65,0x6e,0x74,0x0a,0x66,0x6e,0x20,0x6d,0x61,0x69,
    0x6e,0x28,0x40,0x6c,0x6f,0x63,0x61,0x74,0x69,0x6f,0x6e,0x28,0x34,0x29,0x20,0x76,
    0x5f,0x66,0x6c,0x61,0x67,0x73,0x5f,0x70,0x61,0x72,0x61,0x6d,0x20,0x3a,0x20,0x66,
    0x33,0x32,0x2c,0x20,0x40,0x6c,0x6f,0x63,0x61,0x74,0x69,0x6f,0x6e,0x28,0x30,0x29,
    0x20,0x75,0x76,0x5f,0x70,0x61,0x72,0x61,0x6d,0x20,0x3a,0x20,0x76,0x65,0x63,0x32,
    0x66,0x2c,0x20,0x40,0x6c,0x6f,0x63,0x61,0x74,0x69,0x6f,0x6e,0x28,0x31,0x29,0x20,
    0x6c,0x6f,0x63,0x61,0x6c,0x5f,0x70,0x78,0x5f,0x70,0x61,0x72,0x61,0x6d,0x20,0x3a,
    0x20,0x76,0x65,0x63,0x32,0x66,0x2c,0x20,0x40,0x6c,0x6f,0x63,0x61,0x74,0x69,0x6f,
    0x6e,0x28,0x35,0x29,0x20,0x76,0x5f,0x6c,0x69,0x6e,0x65,0x73,0x5f,0x70,0x61,0x72,
    0x61,0x6d,0x20,0x3a,0x20,0x76,0x65,0x63,0x33,0x66,0x2c,0x20,0x40,0x6c,0x6f,0x63,
    0x61,0x74,0x69,0x6f,0x6e,0x28,0x33,0x29,0x20,0x76,0x5f,0x62,0x67,0x5f,0x70,0x61,
    0x72,0x61,0x6d,0x20,0x3a,0x20,0x76,0x65,0x63,0x34,0x66,0x2c,0x20,0x40,0x6c,0x6f,
    0x63,0x61,0x74,0x69,0x6f,0x6e,0x28,0x32,0x29,0x20,0x76,0x5f,0x66,0x67,0x5f,0x70,
    0x61,0x72,0x61,0x6d,0x20,0x3a,0x20,0x76,0x65,0x63,0x34,0x66,0x29,0x20,0x2d,0x3e,
    0x20,0x6d,0x61,0x69,0x6e,0x5f,0x6f,0x75,0x74,0x20,0x7b,0x0a,0x20,0x20,0x76,0x5f,
    0x66,0x6c,0x61,0x67,0x73,0x20,0x3d,0x20,0x76,0x5f,0x66,0x6c,0x61,0x67,0x73,0x5f,
    0x70,0x61,0x72,0x61,0x6d,0x3b,0x0a,0x20,0x20,0x75,0x76,0x20,0x3d,0x20,0x75,0x76,
    0x5f,0x70,0x61,0x72,0x61,0x6d,0x3b,0x0a,0x20,0x20,0x6c,0x6f,0x63,0x61,0x6c,0x5f,
    0x70,0x78,0x20,0x3d,0x20,0x6c,0x6f,0x63,0x61,0x6c,0x5f,0x70,0x78,0x5f,0x70,0x61,
    0x72,0x61,0x6d,0x3b,0x0a,0x20,0x20,0x76,0x5f,0x6c,0x69,0x6e,0x65,0x73,0x20,0x3d,
    0x20,0x76,0x5f,0x6c,0x69,0x6e,0x65,0x73,0x5f,0x70,0x61,0x72,0x61,0x6d,0x3b,0x0a,
    0x20,0x20,0x76,0x5f,0x62,0x67,0x20,0x3d,0x20,0x76,0x5f,0x62,0x67,0x5f,0x70,0x61,
    0x72,0x61,0x6d,0x3b,0x0a,0x20,0x20,0x76,0x5f,0x66,0x67,0x20,0x3d,0x20,0x76,0x5f,
    0x66,0x67,0x5f,0x70,0x61,0x72,0x61,0x6d,0x3b,0x0a,0x20,0x20,0x6d,0x61,0x69,0x6e,
    0x5f,0x31,0x28,0x29,0x3b,0x0a,0x20,0x20,0x72,0x65,0x74,0x75,0x72,0x6e,0x20,0x6d,
    0x61,0x69,0x6e,0x5f,0x6f,0x75,0x74,0x28,0x66,0x72,0x61,0x67,0x5f,0x63,0x6f,0x6c,
    0x6f,0x72,0x29,0x3b,0x0a,0x7d,0x0a,0x00,
};
const sg_shader_desc* ui_grid_grid_shader_desc(sg_backend backend) {
    if (backend == SG_BACKEND_GLCORE) {
        static sg_shader_desc desc;
        static bool valid;
        if (!valid) {
            valid = true;
            desc.vertex_func.source = (const char*)ui_grid_vs_source_glsl410;
            desc.vertex_func.entry = "main";
            desc.fragment_func.source = (const char*)ui_grid_fs_source_glsl410;
            desc.fragment_func.entry = "main";
            desc.attrs[0].base_type = SG_SHADERATTRBASETYPE_UINT;
            desc.attrs[0].glsl_name = "slot_flags";
            desc.attrs[1].base_type = SG_SHADERATTRBASETYPE_FLOAT;
            desc.attrs[1].glsl_name = "fg";
            desc.attrs[2].base_type = SG_SHADERATTRBASETYPE_FLOAT;
            desc.attrs[2].glsl_name = "bg";
            desc.uniform_blocks[0].stage = SG_SHADERSTAGE_VERTEX;
            desc.uniform_blocks[0].layout = SG_UNIFORMLAYOUT_STD140;
            desc.uniform_blocks[0].size = 64;
            desc.uniform_blocks[0].glsl_uniforms[0].type = SG_UNIFORMTYPE_FLOAT4;
            desc.uniform_blocks[0].glsl_uniforms[0].array_count = 4;
            desc.uniform_blocks[0].glsl_uniforms[0].glsl_name = "vs_params";
            desc.views[0].texture.stage = SG_SHADERSTAGE_FRAGMENT;
            desc.views[0].texture.image_type = SG_IMAGETYPE_2D;
            desc.views[0].texture.sample_type = SG_IMAGESAMPLETYPE_FLOAT;
            desc.views[0].texture.multisampled = false;
            desc.samplers[0].stage = SG_SHADERSTAGE_FRAGMENT;
            desc.samplers[0].sampler_type = SG_SAMPLERTYPE_FILTERING;
            desc.texture_sampler_pairs[0].stage = SG_SHADERSTAGE_FRAGMENT;
            desc.texture_sampler_pairs[0].view_slot = 0;
            desc.texture_sampler_pairs[0].sampler_slot = 0;
            desc.texture_sampler_pairs[0].glsl_name = "atlas_tex_atlas_smp";
            desc.label = "ui_grid_grid_shader";
        }
        return &desc;
    }
    if (backend == SG_BACKEND_GLES3) {
        static sg_shader_desc desc;
        static bool valid;
        if (!valid) {
            valid = true;
            desc.vertex_func.source = (const char*)ui_grid_vs_source_glsl300es;
            desc.vertex_func.entry = "main";
            desc.fragment_func.source = (const char*)ui_grid_fs_source_glsl300es;
            desc.fragment_func.entry = "main";
            desc.attrs[0].base_type = SG_SHADERATTRBASETYPE_UINT;
            desc.attrs[0].glsl_name = "slot_flags";
            desc.attrs[1].base_type = SG_SHADERATTRBASETYPE_FLOAT;
            desc.attrs[1].glsl_name = "fg";
            desc.attrs[2].base_type = SG_SHADERATTRBASETYPE_FLOAT;
            desc.attrs[2].glsl_name = "bg";
            desc.uniform_blocks[0].stage = SG_SHADERSTAGE_VERTEX;
            desc.uniform_blocks[0].layout = SG_UNIFORMLAYOUT_STD140;
            desc.uniform_blocks[0].size = 64;
            desc.uniform_blocks[0].glsl_uniforms[0].type = SG_UNIFORMTYPE_FLOAT4;
            desc.uniform_blocks[0].glsl_uniforms[0].array_count = 4;
            desc.uniform_blocks[0].glsl_uniforms[0].glsl_name = "vs_params";
            desc.views[0].texture.stage = SG_SHADERSTAGE_FRAGMENT;
            desc.views[0].texture.image_type = SG_IMAGETYPE_2D;
            desc.views[0].texture.sample_type = SG_IMAGESAMPLETYPE_FLOAT;
            desc.views[0].texture.multisampled = false;
            desc.samplers[0].stage = SG_SHADERSTAGE_FRAGMENT;
            desc.samplers[0].sampler_type = SG_SAMPLERTYPE_FILTERING;
            desc.texture_sampler_pairs[0].stage = SG_SHADERSTAGE_FRAGMENT;
            desc.texture_sampler_pairs[0].view_slot = 0;
            desc.texture_sampler_pairs[0].sampler_slot = 0;
            desc.texture_sampler_pairs[0].glsl_name = "atlas_tex_atlas_smp";
            desc.label = "ui_grid_grid_shader";
        }
        return &desc;
    }
    if (backend == SG_BACKEND_D3D11) {
        static sg_shader_desc desc;
        static bool valid;
        if (!valid) {
            valid = true;
            desc.vertex_func.source = (const char*)ui_grid_vs_source_hlsl4;
            desc.vertex_func.d3d11_target = "vs_4_0";
            desc.vertex_func.entry = "main";
            desc.fragment_func.source = (const char*)ui_grid_fs_source_hlsl4;
            desc.fragment_func.d3d11_target = "ps_4_0";
            desc.fragment_func.entry = "main";
            desc.attrs[0].base_type = SG_SHADERATTRBASETYPE_UINT;
            desc.attrs[0].hlsl_sem_name = "TEXCOORD";
            desc.attrs[0].hlsl_sem_index = 0;
            desc.attrs[1].base_type = SG_SHADERATTRBASETYPE_FLOAT;
            desc.attrs[1].hlsl_sem_name = "TEXCOORD";
            desc.attrs[1].hlsl_sem_index = 1;
            desc.attrs[2].base_type = SG_SHADERATTRBASETYPE_FLOAT;
            desc.attrs[2].hlsl_sem_name = "TEXCOORD";
            desc.attrs[2].hlsl_sem_index = 2;
            desc.uniform_blocks[0].stage = SG_SHADERSTAGE_VERTEX;
            desc.uniform_blocks[0].layout = SG_UNIFORMLAYOUT_STD140;
            desc.uniform_blocks[0].size = 64;
            desc.uniform_blocks[0].hlsl_register_b_n = 0;
            desc.views[0].texture.stage = SG_SHADERSTAGE_FRAGMENT;
            desc.views[0].texture.image_type = SG_IMAGETYPE_2D;
            desc.views[0].texture.sample_type = SG_IMAGESAMPLETYPE_FLOAT;
            desc.views[0].texture.multisampled = false;
            desc.views[0].texture.hlsl_register_t_n = 0;
            desc.samplers[0].stage = SG_SHADERSTAGE_FRAGMENT;
            desc.samplers[0].sampler_type = SG_SAMPLERTYPE_FILTERING;
            desc.samplers[0].hlsl_register_s_n = 0;
            desc.texture_sampler_pairs[0].stage = SG_SHADERSTAGE_FRAGMENT;
            desc.texture_sampler_pairs[0].view_slot = 0;
            desc.texture_sampler_pairs[0].sampler_slot = 0;
            desc.label = "ui_grid_grid_shader";
        }
        return &desc;
    }
    if (backend == SG_BACKEND_METAL_MACOS) {
        static sg_shader_desc desc;
        static bool valid;
        if (!valid) {
            valid = true;
            desc.vertex_func.source = (const char*)ui_grid_vs_source_metal_macos;
            desc.vertex_func.entry = "main0";
            desc.fragment_func.source = (const char*)ui_grid_fs_source_metal_macos;
            desc.fragment_func.entry = "main0";
            desc.attrs[0].base_type = SG_SHADERATTRBASETYPE_UINT;
            desc.attrs[1].base_type = SG_SHADERATTRBASETYPE_FLOAT;
            desc.attrs[2].base_type = SG_SHADERATTRBASETYPE_FLOAT;
            desc.uniform_blocks[0].stage = SG_SHADERSTAGE_VERTEX;
            desc.uniform_blocks[0].layout = SG_UNIFORMLAYOUT_STD140;
            desc.uniform_blocks[0].size = 64;
            desc.uniform_blocks[0].msl_buffer_n = 0;
            desc.views[0].texture.stage = SG_SHADERSTAGE_FRAGMENT;
            desc.views[0].texture.image_type = SG_IMAGETYPE_2D;
            desc.views[0].texture.sample_type = SG_IMAGESAMPLETYPE_FLOAT;
            desc.views[0].texture.multisampled = false;
            desc.views[0].texture.msl_texture_n = 0;
            desc.samplers[0].stage = SG_SHADERSTAGE_FRAGMENT;
            desc.samplers[0].sampler_type = SG_SAMPLERTYPE_FILTERING;
            desc.samplers[0].msl_sampler_n = 0;
            desc.texture_sampler_pairs[0].stage = SG_SHADERSTAGE_FRAGMENT;
            desc.texture_sampler_pairs[0].view_slot = 0;
            desc.texture_sampler_pairs[0].sampler_slot = 0;
            desc.label = "ui_grid_grid_shader";
        }
        return &desc;
    }
    if (backend == SG_BACKEND_METAL_IOS) {
        static sg_shader_desc desc;
        static bool valid;
        if (!valid) {
            valid = true;
            desc.vertex_func.source = (const char*)ui_grid_vs_source_metal_ios;
            desc.vertex_func.entry = "main0";
            desc.fragment_func.source = (const char*)ui_grid_fs_source_metal_ios;
            desc.fragment_func.entry = "main0";
            desc.attrs[0].base_type = SG_SHADERATTRBASETYPE_UINT;
            desc.attrs[1].base_type = SG_SHADERATTRBASETYPE_FLOAT;
            desc.attrs[2].base_type = SG_SHADERATTRBASETYPE_FLOAT;
            desc.uniform_blocks[0].stage = SG_SHADERSTAGE_VERTEX;
            desc.uniform_blocks[0].layout = SG_UNIFORMLAYOUT_STD140;
            desc.uniform_blocks[0].size = 64;
            desc.uniform_blocks[0].msl_buffer_n = 0;
            desc.views[0].texture.stage = SG_SHADERSTAGE_FRAGMENT;
            desc.views[0].texture.image_type = SG_IMAGETYPE_2D;
            desc.views[0].texture.sample_type = SG_IMAGESAMPLETYPE_FLOAT;
            desc.views[0].texture.multisampled = false;
            desc.views[0].texture.msl_texture_n = 0;
            desc.samplers[0].stage = SG_SHADERSTAGE_FRAGMENT;
            desc.samplers[0].sampler_type = SG_SAMPLERTYPE_FILTERING;
            desc.samplers[0].msl_sampler_n = 0;
            desc.texture_sampler_pairs[0].stage = SG_SHADERSTAGE_FRAGMENT;
            desc.texture_sampler_pairs[0].view_slot = 0;
            desc.texture_sampler_pairs[0].sampler_slot = 0;
            desc.label = "ui_grid_grid_shader";
        }
        return &desc;
    }
    if (backend == SG_BACKEND_WGPU) {
        static sg_shader_desc desc;
        static bool valid;
        if (!valid) {
            valid = true;
            desc.vertex_func.source = (const char*)ui_grid_vs_source_wgsl;
            desc.vertex_func.entry = "main";
            desc.fragment_func.source = (const char*)ui_grid_fs_source_wgsl;
            desc.fragment_func.entry = "main";
            desc.attrs[0].base_type = SG_SHADERATTRBASETYPE_UINT;
            desc.attrs[1].base_type = SG_SHADERATTRBASETYPE_FLOAT;
            desc.attrs[2].base_type = SG_SHADERATTRBASETYPE_FLOAT;
            desc.uniform_blocks[0].stage = SG_SHADERSTAGE_VERTEX;
            desc.uniform_blocks[0].layout = SG_UNIFORMLAYOUT_STD140;
            desc.uniform_blocks[0].size = 64;
            desc.uniform_blocks[0].wgsl_group0_binding_n = 0;
            desc.views[0].texture.stage = SG_SHADERSTAGE_FRAGMENT;
            desc.views[0].texture.image_type = SG_IMAGETYPE_2D;
            desc.views[0].texture.sample_type = SG_IMAGESAMPLETYPE_FLOAT;
            desc.views[0].texture.multisampled = false;
            desc.views[0].texture.wgsl_group1_binding_n = 0;
            desc.samplers[0].stage = SG_SHADERSTAGE_FRAGMENT;
            desc.samplers[0].sampler_type = SG_SAMPLERTYPE_FILTERING;
            desc.samplers[0].wgsl_group1_binding_n = 32;
            desc.texture_sampler_pairs[0].stage = SG_SHADERSTAGE_FRAGMENT;
            desc.texture_sampler_pairs[0].view_slot = 0;
            desc.texture_sampler_pairs[0].sampler_slot = 0;
            desc.label = "ui_grid_grid_shader";
        }
        return &desc;
    }
    return 0;
}
#endif // SOKOL_SHDC_IMPL
